contentId;themeList;size
1;[26, 4, 21, 18, 22];1024
2;[1, 20];1024
3;[5, 11, 9];1024
4;[18, 19, 20];1024
5;[10, 10, 18];1024
6;[23, 10, 5, 9, 27];1024
7;[1, 29];1024
8;[15, 8, 15];1024
9;[9, 26];1024
10;[8];1024
11;[13, 18];1024
12;[2];1024
13;[19, 17, 30, 25];1024
14;[5];1024
15;[1, 7, 30, 18];1024
16;[16, 12];1024
17;[18, 26, 8, 22, 27];1024
18;[3];1024
19;[26];1024
20;[6, 5, 27];1024
21;[25, 12, 12, 13, 10];1024
22;[29, 19, 3, 3];1024
23;[5, 10, 15, 29];1024
24;[22, 17, 18, 9, 21];1024
25;[14, 30];1024
26;[29];1024
27;[20, 12, 22, 15, 22];1024
28;[29, 12, 27, 18];1024
29;[13, 15, 9, 28];1024
30;[16];1024
31;[5, 14, 13, 15];1024
32;[28, 3, 2, 25, 18];1024
33;[11];1024
34;[20];1024
35;[14];1024
36;[8, 23, 26, 5, 23];1024
37;[27, 1, 29];1024
38;[29, 28, 21];1024
39;[7, 30];1024
40;[14, 22, 1, 6, 5];1024
41;[19, 29];1024
42;[30, 29];1024
43;[26, 22, 3, 6, 4];1024
44;[10, 15, 28, 14];1024
45;[10, 27, 17, 19];1024
46;[16, 22];1024
47;[6, 9];1024
48;[21, 29];1024
49;[18, 12, 6, 19];1024
50;[25, 2];1024
51;[19, 14, 2];1024
52;[4, 3, 3];1024
53;[11, 29, 28, 5];1024
54;[4, 22];1024
55;[13, 19, 10, 18];1024
56;[15, 11, 4];1024
57;[13, 12];1024
58;[6, 13];1024
59;[28, 27, 14, 3, 18];1024
60;[4];1024
61;[23, 2];1024
62;[28];1024
63;[27, 20, 21];1024
64;[30, 14, 27, 11, 16];1024
65;[25, 21, 4];1024
66;[18, 18, 19, 5, 21];1024
67;[15, 21, 12, 29];1024
68;[1];1024
69;[16, 3, 23, 7];1024
70;[14, 20, 9, 14];1024
71;[6, 1, 2, 29, 27];1024
72;[27, 25];1024
73;[23];1024
74;[4, 8, 9, 14];1024
75;[7];1024
76;[16];1024
77;[11, 18, 14];1024
78;[9];1024
79;[3, 26];1024
80;[26, 17, 16, 18, 5];1024
81;[27];1024
82;[11];1024
83;[22, 4, 20, 11];1024
84;[28, 26, 17];1024
85;[18, 10, 11, 20];1024
86;[22];1024
87;[20];1024
88;[13, 23, 5, 30, 29];1024
89;[22, 30, 18, 1];1024
90;[5, 30];1024
91;[22, 18, 14];1024
92;[4, 2, 13, 24, 19];1024
93;[22, 13, 3, 13, 9];1024
94;[12, 10];1024
95;[25];1024
96;[1, 16];1024
97;[2, 11, 23, 7, 4];1024
98;[6, 21, 29, 5];1024
99;[28];1024
100;[3, 15];1024
101;[12, 4, 27, 18];1024
102;[13, 30, 5, 2, 1];1024
103;[25];1024
104;[22, 14];1024
105;[14, 27];1024
106;[10, 2];1024
107;[7, 29, 21, 13, 12];1024
108;[26];1024
109;[19, 9, 11, 26, 22];1024
110;[17, 10, 27, 9, 24];1024
111;[2, 28, 26, 12, 14];1024
112;[19, 22, 23, 25, 5];1024
113;[23, 24, 9, 29];1024
114;[11, 25, 12, 8];1024
115;[10, 1];1024
116;[4];1024
117;[28, 7, 2];1024
118;[14, 17];1024
119;[27, 17, 23];1024
120;[26];1024
121;[6, 24, 30, 9, 18];1024
122;[19];1024
123;[28, 30];1024
124;[29, 28, 18, 11, 5];1024
125;[10, 20, 4];1024
126;[2, 12, 18, 5];1024
127;[9, 20, 22, 12];1024
128;[22];1024
129;[21, 26];1024
130;[11];1024
131;[20, 3, 10, 29, 13];1024
132;[16, 13];1024
133;[19, 22, 2, 21, 1];1024
134;[10];1024
135;[11, 22];1024
136;[15, 29, 2];1024
137;[25, 3];1024
138;[15, 12, 18, 19, 3];1024
139;[5];1024
140;[26, 10, 15, 2, 29];1024
141;[10, 26];1024
142;[19, 27, 7, 15];1024
143;[14];1024
144;[10, 12, 23];1024
145;[22, 11, 11, 4];1024
146;[12];1024
147;[5, 30, 2, 21];1024
148;[18, 20, 14];1024
149;[4, 14];1024
150;[30, 14, 30];1024
151;[26, 12, 25, 8];1024
152;[10];1024
153;[29, 22, 25, 25, 8];1024
154;[2, 23];1024
155;[19, 24];1024
156;[22, 28];1024
157;[3, 14, 16, 15];1024
158;[2, 8];1024
159;[22];1024
160;[12, 26];1024
161;[27, 23, 6];1024
162;[18];1024
163;[21, 19, 6, 28, 5];1024
164;[24, 7, 30, 29, 7];1024
165;[28, 24];1024
166;[24, 9, 22, 16, 28];1024
167;[23, 19, 3, 21];1024
168;[26, 25];1024
169;[11, 29, 18];1024
170;[16];1024
171;[12, 28, 7, 19];1024
172;[24, 21, 21, 25, 18];1024
173;[14, 19, 15, 2];1024
174;[23];1024
175;[21];1024
176;[10];1024
177;[20];1024
178;[22, 1, 11];1024
179;[5, 16, 6, 12];1024
180;[21, 28, 25, 17, 13];1024
181;[2, 21, 24, 14, 14];1024
182;[15, 14, 9];1024
183;[15, 20, 30, 29];1024
184;[21, 29, 24, 13, 9];1024
185;[19, 17, 3];1024
186;[20, 17];1024
187;[14];1024
188;[27, 13, 21, 10];1024
189;[18, 11, 17, 20];1024
190;[1, 28];1024
191;[16, 12, 3, 30, 15];1024
192;[25, 26, 16];1024
193;[26, 2];1024
194;[6, 20];1024
195;[2, 9, 5, 22, 9];1024
196;[18, 13, 28];1024
197;[26, 12, 30, 4];1024
198;[18, 8, 8, 26];1024
199;[10, 2, 22];1024
200;[20, 3];1024
