contentId;dstUserId;srcUserId;type;timestamp
20;36;0;1;1588232229994
198;32;50;0;1588232230347
78;35;0;1;1588232229575
122;31;0;1;1588232229614
181;18;56;0;1588232230045
132;24;0;1;1588232229597
183;62;17;0;1588232229954
170;14;71;0;1588232230456
17;8;0;1;1588232229165
51;5;64;0;1588232230457
52;59;0;1;1588232229544
148;66;0;1;1588232229745
82;37;0;1;1588232229946
3;68;0;1;1588232229348
49;37;7;0;1588232229662
63;28;0;1;1588232230475
47;59;0;1;1588232230338
93;51;0;1;1588232229377
58;26;0;1;1588232229825
115;16;0;1;1588232230249
40;57;0;1;1588232229616
150;24;0;1;1588232230346
79;26;0;1;1588232229622
69;1;0;1;1588232230134
111;36;0;1;1588232230455
67;63;0;1;1588232230596
198;51;0;1;1588232229915
60;56;0;1;1588232230515
99;6;0;1;1588232229673
76;65;8;0;1588232231156
169;28;0;1;1588232229793
83;10;0;1;1588232229722
18;43;0;1;1588232230840
34;36;0;1;1588232230685
143;65;37;0;1588232230923
0;75;0;1;1588232230636
56;7;60;0;1588232230321
130;34;0;1;1588232230143
171;3;49;0;1588232230260
81;35;0;1;1588232230777
169;58;36;0;1588232230797
157;8;0;1;1588232230773
158;12;25;0;1588232230623
123;19;63;0;1588232230747
157;54;57;0;1588232231533
193;13;0;1;1588232230612
124;55;0;1;1588232230523
134;16;66;0;1588232230699
137;67;14;0;1588232231131
147;22;45;0;1588232231683
45;47;0;1;1588232230253
57;19;2;0;1588232231124
183;18;58;0;1588232231735
172;20;0;1;1588232231134
88;66;0;1;1588232231037
177;70;69;0;1588232231407
123;1;13;0;1588232230801
177;31;0;1;1588232230718
95;68;0;1;1588232231768
107;72;0;1;1588232231297
45;75;63;0;1588232231877
73;65;31;0;1588232231722
131;11;0;1;1588232231776
48;65;0;1;1588232231189
56;32;60;0;1588232232229
52;36;18;0;1588232231191
134;66;0;1;1588232231700
119;31;0;1;1588232231849
65;16;0;1;1588232231064
163;47;28;0;1588232232107
131;58;28;0;1588232232357
195;73;0;1;1588232231172
99;75;0;1;1588232231663
71;47;0;1;1588232232151
119;50;11;0;1588232231620
174;39;0;1;1588232232171
196;21;74;0;1588232232540
0;53;0;1;1588232232060
166;71;0;1;1588232232225
106;63;0;1;1588232231143
152;74;0;1;1588232231816
178;66;0;1;1588232231174
140;27;14;0;1588232231579
82;25;14;0;1588232232527
144;39;0;1;1588232232498
79;47;0;1;1588232232441
96;5;0;1;1588232231735
93;54;0;1;1588232232476
50;11;51;0;1588232231872
74;36;69;0;1588232232093
145;58;0;1;1588232231453
72;68;0;1;1588232232685
77;60;72;0;1588232232730
111;59;0;1;1588232232662
137;52;0;1;1588232232176
119;42;0;1;1588232232630
21;37;0;1;1588232232156
192;7;21;0;1588232232660
123;65;61;0;1588232232984
113;73;0;1;1588232231799
174;41;0;1;1588232232819
167;67;0;1;1588232232227
190;20;0;1;1588232232026
86;23;0;1;1588232232343
99;49;0;1;1588232231971
182;41;15;0;1588232233040
115;58;0;1;1588232232263
83;5;32;0;1588232232360
66;49;36;0;1588232232966
56;17;0;1;1588232232008
122;28;0;1;1588232232581
134;29;46;0;1588232233654
65;18;27;0;1588232233263
117;28;41;0;1588232232560
132;22;45;0;1588232232656
137;12;0;1;1588232232976
71;39;0;1;1588232232446
49;5;0;1;1588232232869
78;12;0;1;1588232232330
55;11;0;1;1588232233521
20;42;0;1;1588232232703
119;66;33;0;1588232233520
155;51;49;0;1588232233481
197;44;47;0;1588232234005
140;24;12;0;1588232233036
26;69;0;1;1588232232655
36;62;30;0;1588232233869
10;22;0;1;1588232233475
32;63;51;0;1588232234166
8;5;13;0;1588232233097
108;64;24;0;1588232233907
143;41;0;1;1588232233282
198;50;0;1;1588232233570
51;37;0;1;1588232233443
111;34;0;1;1588232233458
28;65;0;1;1588232233692
103;47;0;1;1588232234005
191;18;0;1;1588232234235
144;35;0;1;1588232233737
181;53;0;1;1588232233632
174;31;0;1;1588232233607
17;49;37;0;1588232233342
162;45;0;1;1588232234316
76;40;0;1;1588232233562
145;17;12;0;1588232234244
103;41;0;1;1588232233613
194;15;0;1;1588232234236
77;18;10;0;1588232234279
24;50;69;0;1588232234179
47;35;30;0;1588232233818
22;56;44;0;1588232234181
64;5;0;1;1588232234308
75;51;0;1;1588232234208
61;51;0;1;1588232233428
81;36;0;1;1588232233606
48;21;0;1;1588232233915
96;11;0;1;1588232234307
16;30;42;0;1588232234695
8;59;22;0;1588232234876
91;4;31;0;1588232233972
84;37;0;1;1588232234547
178;27;21;0;1588232234837
79;50;26;0;1588232235007
54;27;52;0;1588232234154
63;59;1;0;1588232234167
130;48;0;1;1588232234531
59;73;1;0;1588232235007
76;53;68;0;1588232235198
177;64;0;1;1588232234138
109;71;0;1;1588232233895
47;9;0;1;1588232234754
38;14;0;1;1588232235028
185;66;17;0;1588232235168
142;9;0;1;1588232235069
103;7;53;0;1588232234624
194;34;24;0;1588232235590
196;17;0;1;1588232234666
25;18;13;0;1588232235578
62;49;0;1;1588232235402
45;50;0;1;1588232235291
49;27;0;1;1588232235285
47;50;0;1;1588232234568
164;60;0;1;1588232235439
12;7;0;1;1588232234529
47;65;0;1;1588232234607
140;54;23;0;1588232234861
0;27;0;1;1588232235421
145;47;19;0;1588232235118
151;11;0;1;1588232234538
87;43;25;0;1588232234768
19;65;0;1;1588232235536
128;50;0;1;1588232235707
83;35;47;0;1588232235082
125;11;0;1;1588232235188
101;62;32;0;1588232236008
173;20;0;1;1588232235737
25;73;0;1;1588232235078
152;42;58;0;1588232235989
192;35;27;0;1588232235089
26;72;58;0;1588232236019
55;3;32;0;1588232236160
43;68;0;1;1588232235685
154;42;20;0;1588232235969
124;72;0;1;1588232235424
111;65;45;0;1588232235708
153;67;29;0;1588232235963
190;71;0;1;1588232235127
180;74;21;0;1588232235594
168;49;8;0;1588232235777
114;12;2;0;1588232236002
87;44;62;0;1588232235955
135;39;0;1;1588232236329
17;24;38;0;1588232235597
64;75;0;1;1588232235813
30;33;25;0;1588232236243
19;74;0;1;1588232235935
73;3;0;1;1588232235805
183;23;0;1;1588232235349
197;18;0;1;1588232235460
160;34;0;1;1588232236293
92;47;0;1;1588232235743
68;60;70;0;1588232236119
156;56;8;0;1588232236299
41;45;0;1;1588232235910
41;75;21;0;1588232236548
60;52;0;1;1588232235940
44;51;0;1;1588232235737
170;6;0;1;1588232235598
164;65;0;1;1588232236362
106;47;0;1;1588232236817
24;10;38;0;1588232236620
111;53;52;0;1588232235909
143;46;0;1;1588232236578
71;61;0;1;1588232236287
143;39;0;1;1588232236162
125;57;32;0;1588232237270
113;71;0;1;1588232235907
37;66;69;0;1588232236388
52;38;0;1;1588232235838
176;13;0;1;1588232236215
104;63;0;1;1588232236539
37;45;53;0;1588232236308
158;48;0;1;1588232236027
51;7;68;0;1588232236517
33;38;20;0;1588232237253
130;72;0;1;1588232236099
75;42;0;1;1588232237228
78;13;22;0;1588232236484
147;47;0;1;1588232236154
148;5;19;0;1588232237110
17;27;0;1;1588232237237
166;5;0;1;1588232237140
182;57;0;1;1588232236904
82;46;0;1;1588232236758
105;2;0;1;1588232236601
85;34;0;1;1588232237073
121;9;0;1;1588232236986
184;58;0;1;1588232237466
71;66;32;0;1588232237078
26;24;61;0;1588232237480
154;18;0;1;1588232236727
140;20;0;1;1588232237368
91;71;0;1;1588232237541
68;38;0;1;1588232236848
117;74;0;1;1588232236579
179;21;0;1;1588232237083
189;7;58;0;1588232236943
1;4;0;1;1588232237627
64;64;56;0;1588232237599
172;10;43;0;1588232237115
118;10;65;0;1588232238051
111;8;5;0;1588232237314
0;11;0;1;1588232237984
190;17;0;1;1588232237242
176;17;0;1;1588232237158
108;52;18;0;1588232238335
149;75;0;1;1588232237928
45;73;22;0;1588232238253
184;66;0;1;1588232237042
31;17;0;1;1588232237318
28;58;35;0;1588232238657
84;29;0;1;1588232238094
23;37;0;1;1588232237955
192;5;52;0;1588232238660
55;41;0;1;1588232237189
37;19;0;1;1588232237936
60;45;39;0;1588232238510
21;4;0;1;1588232237498
4;22;0;1;1588232238304
107;49;0;1;1588232237730
145;43;0;1;1588232238167
41;21;0;1;1588232237913
85;53;68;0;1588232237902
102;44;54;0;1588232238518
194;72;0;1;1588232237799
129;24;53;0;1588232238397
124;61;63;0;1588232238749
94;37;0;1;1588232238607
114;62;66;0;1588232238568
130;71;20;0;1588232238582
28;14;0;1;1588232238475
95;50;0;1;1588232238373
90;38;6;0;1588232238267
26;6;13;0;1588232238872
18;66;0;1;1588232238125
183;26;0;1;1588232238481
167;70;0;1;1588232238281
109;57;6;0;1588232238486
50;17;59;0;1588232239260
76;21;54;0;1588232239412
199;58;54;0;1588232238425
67;52;0;1;1588232238796
157;5;64;0;1588232239198
181;66;59;0;1588232239371
42;56;64;0;1588232238947
2;15;0;1;1588232239084
100;56;0;1;1588232239117
11;55;52;0;1588232238656
110;22;0;1;1588232239493
55;30;26;0;1588232238907
74;30;34;0;1588232239870
131;15;0;1;1588232239589
172;74;0;1;1588232238589
147;32;50;0;1588232239204
60;31;0;1;1588232239607
92;61;31;0;1588232239958
16;74;0;1;1588232238831
63;45;43;0;1588232240092
120;54;0;1;1588232239048
107;23;0;1;1588232239087
150;69;60;0;1588232240131
138;2;47;0;1588232239717
13;5;72;0;1588232238957
84;43;65;0;1588232239725
168;7;46;0;1588232239590
155;39;0;1;1588232239916
111;44;71;0;1588232239253
35;27;0;1;1588232239064
57;13;74;0;1588232240278
0;18;60;0;1588232239568
192;38;0;1;1588232239050
78;29;57;0;1588232240254
100;64;0;1;1588232239459
6;1;60;0;1588232240102
21;73;46;0;1588232240486
198;17;0;1;1588232239802
117;32;0;1;1588232240258
155;12;43;0;1588232239842
159;75;0;1;1588232239452
195;21;0;1;1588232239408
61;18;0;1;1588232240155
26;49;0;1;1588232239695
0;61;16;0;1588232239999
177;20;60;0;1588232239734
56;15;0;1;1588232240035
46;12;20;0;1588232240291
50;48;50;0;1588232240510
195;65;66;0;1588232240353
66;55;33;0;1588232240946
121;29;0;1;1588232239758
115;7;0;1;1588232240783
194;1;0;1;1588232240242
95;48;21;0;1588232240145
189;41;57;0;1588232240111
80;18;0;1;1588232239727
132;31;75;0;1588232240392
100;60;0;1;1588232239981
31;50;0;1;1588232240766
82;55;13;0;1588232241111
188;28;0;1;1588232240315
55;68;0;1;1588232240983
156;16;0;1;1588232239848
25;73;0;1;1588232240397
63;67;0;1;1588232240645
11;5;0;1;1588232240384
83;71;18;0;1588232240772
143;32;0;1;1588232240304
1;47;0;1;1588232240576
78;59;0;1;1588232240645
116;13;9;0;1588232240290
71;48;0;1;1588232240713
76;27;2;0;1588232241327
6;52;0;1;1588232240884
162;8;0;1;1588232240109
34;73;0;1;1588232240176
74;49;0;1;1588232240571
117;75;0;1;1588232240119
31;58;47;0;1588232241371
153;44;60;0;1588232241660
78;34;39;0;1588232241229
127;25;0;1;1588232240615
89;47;0;1;1588232240290
61;50;24;0;1588232241637
66;40;10;0;1588232241254
69;16;61;0;1588232241272
62;34;0;1;1588232240901
3;7;0;1;1588232240549
121;73;0;1;1588232240632
100;23;53;0;1588232240816
28;30;0;1;1588232241613
179;57;68;0;1588232241796
49;75;69;0;1588232241032
85;33;30;0;1588232241412
181;72;0;1;1588232240901
39;69;52;0;1588232241267
84;47;0;1;1588232241419
82;67;26;0;1588232241759
2;58;0;1;1588232241521
24;33;0;1;1588232241919
195;64;0;1;1588232241885
140;2;0;1;1588232241427
88;57;0;1;1588232241393
186;61;0;1;1588232241811
83;30;55;0;1588232241587
140;63;39;0;1588232241687
60;51;0;1;1588232240899
15;8;17;0;1588232241969
105;60;13;0;1588232242153
186;15;36;0;1588232242264
114;20;34;0;1588232242113
130;31;0;1;1588232242316
18;9;0;1;1588232241632
164;66;0;1;1588232241915
39;17;16;0;1588232242649
84;52;60;0;1588232242603
175;53;0;1;1588232241827
66;51;0;1;1588232242164
152;25;0;1;1588232242015
197;15;64;0;1588232241750
74;61;4;0;1588232241834
102;57;0;1;1588232241832
80;62;21;0;1588232242900
153;56;72;0;1588232242599
122;23;0;1;1588232242632
22;36;47;0;1588232242515
38;34;0;1;1588232242441
157;65;0;1;1588232242048
48;25;0;1;1588232242691
119;43;52;0;1588232243201
199;39;46;0;1588232242725
16;20;0;1;1588232241716
110;63;16;0;1588232242605
141;42;67;0;1588232242160
32;55;36;0;1588232242962
182;3;0;1;1588232242238
54;7;55;0;1588232242890
118;17;4;0;1588232242688
56;12;0;1;1588232243018
185;35;0;1;1588232242993
77;13;5;0;1588232242583
95;19;0;1;1588232243307
85;48;64;0;1588232242660
100;26;0;1;1588232243201
129;61;0;1;1588232243163
69;30;0;1;1588232242235
43;6;71;0;1588232243506
63;6;0;1;1588232243401
74;66;54;0;1588232243341
146;54;0;1;1588232242228
29;2;0;1;1588232243155
48;12;0;1;1588232243227
59;23;0;1;1588232243301
11;43;0;1;1588232243125
23;65;9;0;1588232242724
136;33;0;1;1588232242837
71;34;41;0;1588232242961
35;18;0;1;1588232242776
35;5;0;1;1588232242841
129;10;40;0;1588232244104
85;14;37;0;1588232243495
106;10;46;0;1588232244209
66;61;0;1;1588232243561
47;73;0;1;1588232242738
98;48;0;1;1588232243085
140;41;0;1;1588232243080
6;9;16;0;1588232243443
117;58;0;1;1588232243192
21;10;63;0;1588232244093
24;48;29;0;1588232244139
4;72;0;1;1588232243211
29;60;0;1;1588232243027
14;53;59;0;1588232244187
181;9;0;1;1588232242953
194;60;0;1;1588232243173
173;67;0;1;1588232243523
146;61;53;0;1588232243789
19;29;0;1;1588232243689
63;60;0;1;1588232243946
71;62;22;0;1588232243416
19;2;3;0;1588232243434
74;61;17;0;1588232243676
38;22;0;1;1588232244020
114;12;0;1;1588232243248
147;62;0;1;1588232243486
57;71;0;1;1588232243388
98;48;0;1;1588232243565
176;36;0;1;1588232243505
64;46;0;1;1588232244028
142;40;0;1;1588232243970
45;38;55;0;1588232243994
187;70;48;0;1588232243948
97;9;72;0;1588232244775
146;29;26;0;1588232244347
91;40;0;1;1588232244238
86;42;0;1;1588232243933
170;23;0;1;1588232244244
147;43;0;1;1588232244763
184;49;68;0;1588232244016
175;63;75;0;1588232244232
67;54;0;1;1588232244698
192;60;0;1;1588232243816
171;14;0;1;1588232244839
27;70;28;0;1588232244328
180;74;0;1;1588232244212
75;64;0;1;1588232244782
11;66;18;0;1588232244973
82;14;60;0;1588232244860
55;30;65;0;1588232245286
164;37;0;1;1588232244501
182;1;0;1;1588232244598
7;40;0;1;1588232244605
173;56;0;1;1588232244335
114;8;0;1;1588232245186
54;65;0;1;1588232244447
17;24;73;0;1588232244394
146;23;47;0;1588232244824
47;56;0;1;1588232245259
141;5;0;1;1588232244744
136;13;17;0;1588232245653
85;35;0;1;1588232244783
87;53;0;1;1588232244612
194;65;0;1;1588232244284
189;64;0;1;1588232244534
82;29;52;0;1588232245578
62;53;0;1;1588232245365
144;3;29;0;1588232245558
64;13;0;1;1588232244972
55;68;5;0;1588232245756
45;64;0;1;1588232245131
184;60;32;0;1588232245270
131;30;0;1;1588232244797
139;17;0;1;1588232245702
47;28;0;1;1588232245092
28;3;0;1;1588232244662
108;63;20;0;1588232246057
139;22;59;0;1588232245395
16;63;6;0;1588232245918
53;9;56;0;1588232246180
63;55;42;0;1588232245404
8;37;0;1;1588232244981
54;43;72;0;1588232245517
40;48;0;1;1588232245358
113;20;0;1;1588232246165
71;28;0;1;1588232245955
104;19;0;1;1588232245159
130;14;13;0;1588232245370
183;42;0;1;1588232245419
83;22;49;0;1588232246283
182;70;0;1;1588232245916
118;19;39;0;1588232246173
4;7;34;0;1588232246185
142;18;0;1;1588232245699
195;38;0;1;1588232246414
2;67;58;0;1588232245958
186;2;0;1;1588232245461
26;48;0;1;1588232245620
66;61;0;1;1588232245854
47;74;0;1;1588232246234
164;59;40;0;1588232246082
187;5;17;0;1588232246682
25;71;0;1;1588232245953
173;52;0;1;1588232246426
71;5;0;1;1588232246664
175;73;0;1;1588232246134
93;75;45;0;1588232246609
20;72;15;0;1588232246562
72;15;0;1;1588232246895
66;31;71;0;1588232246070
183;40;0;1;1588232246420
49;10;0;1;1588232245901
161;14;2;0;1588232246698
148;10;0;1;1588232246027
186;26;0;1;1588232246590
160;64;5;0;1588232246636
16;13;0;1;1588232246281
120;22;0;1;1588232246780
89;70;27;0;1588232246661
96;53;0;1;1588232246099
195;34;0;1;1588232246742
119;11;0;1;1588232246378
64;18;0;1;1588232247191
38;17;0;1;1588232246862
4;26;0;1;1588232246692
3;67;0;1;1588232246773
93;14;0;1;1588232246660
121;62;0;1;1588232246527
39;13;0;1;1588232247134
123;73;48;0;1588232246527
8;70;0;1;1588232246980
143;13;74;0;1588232247129
18;41;0;1;1588232246529
111;70;0;1;1588232247362
85;47;61;0;1588232246695
25;62;0;1;1588232246628
140;68;0;1;1588232247237
62;12;0;1;1588232247227
20;73;47;0;1588232247559
180;2;0;1;1588232246595
146;71;0;1;1588232246607
59;24;53;0;1588232248045
21;63;54;0;1588232246910
134;8;0;1;1588232246856
171;4;0;1;1588232247372
144;1;60;0;1588232247174
126;37;0;1;1588232247694
103;53;58;0;1588232247911
198;34;70;0;1588232247381
44;3;0;1;1588232246985
28;47;2;0;1588232247518
161;14;0;1;1588232246826
139;41;0;1;1588232247315
2;31;0;1;1588232247524
101;75;0;1;1588232247982
151;67;48;0;1588232247419
22;5;0;1;1588232247288
188;73;55;0;1588232248444
45;60;0;1;1588232247005
26;19;0;1;1588232247254
173;59;0;1;1588232247241
77;4;0;1;1588232248207
183;53;1;0;1588232248554
5;6;0;1;1588232248243
158;16;0;1;1588232247085
179;32;38;0;1588232247967
81;18;0;1;1588232248149
54;22;72;0;1588232248690
41;33;1;0;1588232248147
60;18;68;0;1588232247579
152;68;0;1;1588232247717
129;61;0;1;1588232248126
61;7;0;1;1588232247495
85;59;0;1;1588232247344
99;5;0;1;1588232247699
22;72;0;1;1588232248568
43;59;0;1;1588232248421
116;49;0;1;1588232247580
22;7;36;0;1588232247844
19;41;0;1;1588232247793
174;28;0;1;1588232247708
84;31;0;1;1588232248544
91;14;0;1;1588232247498
189;70;0;1;1588232247598
7;39;66;0;1588232248114
151;74;0;1;1588232247804
13;7;0;1;1588232248431
33;13;12;0;1588232248312
108;1;0;1;1588232247567
112;69;0;1;1588232247851
156;15;0;1;1588232247864
33;57;27;0;1588232248983
46;18;12;0;1588232248645
196;51;0;1;1588232249009
163;8;58;0;1588232248504
172;55;7;0;1588232248897
92;75;0;1;1588232248644
125;46;63;0;1588232249133
29;23;0;1;1588232248826
37;61;29;0;1588232248968
7;61;16;0;1588232248587
175;30;47;0;1588232249103
93;3;0;1;1588232249284
94;60;0;1;1588232249316
60;46;48;0;1588232249734
71;13;0;1;1588232248663
142;21;42;0;1588232248871
126;36;0;1;1588232249209
189;73;0;1;1588232248473
89;73;0;1;1588232249279
48;12;0;1;1588232248576
86;6;38;0;1588232249673
147;36;71;0;1588232248931
133;3;0;1;1588232248419
90;29;0;1;1588232248819
78;52;0;1;1588232248641
183;30;0;1;1588232249658
88;29;0;1;1588232248940
180;46;71;0;1588232249486
41;66;0;1;1588232249053
104;62;0;1;1588232249089
167;53;19;0;1588232249174
102;57;0;1;1588232249419
45;32;0;1;1588232248854
97;17;0;1;1588232248889
23;35;45;0;1588232249840
94;32;0;1;1588232249351
91;49;19;0;1588232249712
34;38;52;0;1588232249771
106;48;29;0;1588232250436
198;20;44;0;1588232250449
126;2;0;1;1588232249903
192;71;0;1;1588232250172
81;29;0;1;1588232249389
124;22;58;0;1588232250382
74;40;0;1;1588232250174
0;25;0;1;1588232250244
115;73;49;0;1588232249723
161;44;6;0;1588232249953
35;16;56;0;1588232250700
44;13;37;0;1588232250737
116;75;0;1;1588232249677
175;29;0;1;1588232249934
150;24;0;1;1588232249617
34;59;0;1;1588232250150
133;68;65;0;1588232250788
125;69;37;0;1588232250982
164;12;0;1;1588232250282
176;66;0;1;1588232250153
8;28;0;1;1588232250385
187;42;0;1;1588232250185
11;5;0;1;1588232249582
172;3;0;1;1588232250742
166;5;15;0;1588232250131
159;8;0;1;1588232250161
134;31;0;1;1588232249989
111;66;0;1;1588232249567
31;62;0;1;1588232249958
121;5;0;1;1588232249870
174;55;0;1;1588232250802
27;54;0;1;1588232250498
40;35;54;0;1588232250177
88;59;28;0;1588232250928
125;1;54;0;1588232250786
22;18;0;1;1588232250322
24;28;0;1;1588232250048
9;20;0;1;1588232250995
133;1;0;1;1588232250029
103;42;0;1;1588232250439
80;53;35;0;1588232251479
111;67;0;1;1588232251089
32;68;0;1;1588232250661
1;1;0;1;1588232250163
9;9;0;1;1588232250295
76;72;0;1;1588232250354
3;69;42;0;1588232251316
85;31;49;0;1588232251491
2;5;39;0;1588232250713
94;51;0;1;1588232250561
158;56;42;0;1588232251488
151;22;0;1;1588232251031
195;39;38;0;1588232251682
32;19;2;0;1588232250929
92;47;0;1;1588232251113
178;33;0;1;1588232250647
120;50;0;1;1588232251159
179;56;0;1;1588232250499
50;39;0;1;1588232250776
113;5;0;1;1588232250652
160;73;0;1;1588232251542
153;64;8;0;1588232251580
106;43;44;0;1588232251559
9;19;69;0;1588232251229
191;17;2;0;1588232251253
64;22;0;1;1588232251468
8;2;0;1;1588232251859
124;34;9;0;1588232251606
115;68;0;1;1588232251644
11;10;68;0;1588232252104
163;23;0;1;1588232251909
76;39;57;0;1588232251425
129;31;0;1;1588232251217
48;19;0;1;1588232251688
95;34;43;0;1588232252227
180;36;57;0;1588232252023
46;58;0;1;1588232251425
1;13;0;1;1588232252269
155;67;0;1;1588232252236
81;67;62;0;1588232252167
131;41;15;0;1588232251895
170;58;0;1;1588232251866
68;8;0;1;1588232251760
56;54;0;1;1588232252073
149;37;39;0;1588232251860
63;29;0;1;1588232252557
84;24;0;1;1588232251610
183;69;0;1;1588232252398
186;55;0;1;1588232251896
90;25;22;0;1588232252082
75;15;0;1;1588232252649
84;33;54;0;1588232252797
151;1;0;1;1588232252730
143;17;0;1;1588232252425
85;58;49;0;1588232252025
35;6;0;1;1588232252446
18;23;53;0;1588232252608
179;35;60;0;1588232252053
198;43;28;0;1588232252905
90;67;0;1;1588232252787
184;15;0;1;1588232252272
120;44;59;0;1588232252522
184;16;75;0;1588232252953
86;49;53;0;1588232252647
111;16;32;0;1588232252282
142;46;23;0;1588232253368
147;59;0;1;1588232252130
90;9;0;1;1588232252667
188;33;0;1;1588232253060
57;38;11;0;1588232252794
14;47;0;1;1588232252109
173;14;0;1;1588232253181
53;68;46;0;1588232253557
147;51;64;0;1588232252670
50;72;69;0;1588232252631
169;69;0;1;1588232252334
169;64;0;1;1588232253109
103;67;0;1;1588232252418
52;13;57;0;1588232253730
23;40;0;1;1588232252659
64;24;29;0;1588232253111
197;44;38;0;1588232252789
114;60;0;1;1588232253565
179;41;0;1;1588232252958
154;30;0;1;1588232253597
148;57;45;0;1588232252899
151;70;0;1;1588232252885
56;34;57;0;1588232253800
57;53;0;1;1588232253035
179;2;31;0;1588232253131
72;20;0;1;1588232253380
182;3;0;1;1588232253123
25;67;0;1;1588232252835
110;53;63;0;1588232253406
173;19;75;0;1588232253298
114;15;0;1;1588232253596
75;48;0;1;1588232253686
0;23;0;1;1588232253520
96;68;30;0;1588232254191
113;64;3;0;1588232253748
54;14;24;0;1588232254113
148;46;28;0;1588232253910
105;61;1;0;1588232253643
128;74;0;1;1588232254392
163;8;48;0;1588232254602
112;24;48;0;1588232254253
169;68;0;1;1588232254025
174;33;0;1;1588232253949
151;26;59;0;1588232254741
119;52;16;0;1588232254084
112;65;0;1;1588232254576
149;58;8;0;1588232254187
20;7;70;0;1588232254628
15;5;0;1;1588232254247
174;7;0;1;1588232253759
125;60;23;0;1588232254051
175;75;0;1;1588232254493
48;68;51;0;1588232254440
131;30;0;1;1588232253993
68;34;0;1;1588232254704
106;48;0;1;1588232254209
54;47;0;1;1588232253911
140;16;0;1;1588232254828
127;59;0;1;1588232254007
48;55;0;1;1588232253955
46;15;37;0;1588232254617
70;37;2;0;1588232254272
71;63;49;0;1588232254736
58;68;8;0;1588232255052
40;15;0;1;1588232254048
118;32;62;0;1588232255329
181;55;0;1;1588232254617
29;52;6;0;1588232255368
40;72;3;0;1588232254671
186;44;0;1;1588232254181
172;2;73;0;1588232255509
113;31;0;1;1588232254765
160;62;0;1;1588232255002
17;30;0;1;1588232254321
17;52;0;1;1588232255120
0;13;0;1;1588232255150
2;42;30;0;1588232255961
140;2;0;1;1588232255244
60;27;44;0;1588232255919
20;3;0;1;1588232255167
121;17;0;1;1588232254475
89;9;40;0;1588232255094
79;62;0;1;1588232254701
88;48;0;1;1588232254918
28;75;34;0;1588232255892
24;75;7;0;1588232254941
108;64;0;1;1588232255458
129;28;0;1;1588232255294
112;39;0;1;1588232255432
142;2;7;0;1588232256281
78;75;0;1;1588232255429
174;34;10;0;1588232256154
140;61;0;1;1588232255439
62;45;0;1;1588232255192
18;48;0;1;1588232255628
133;70;0;1;1588232255886
65;63;0;1;1588232255220
166;26;0;1;1588232255711
175;70;19;0;1588232255646
155;61;0;1;1588232255532
190;37;52;0;1588232255546
186;29;64;0;1588232256175
164;40;8;0;1588232256138
77;4;37;0;1588232256287
66;21;62;0;1588232256039
162;67;1;0;1588232256307
18;26;27;0;1588232256270
103;53;0;1;1588232256661
129;25;0;1;1588232256288
84;73;0;1;1588232255930
160;1;8;0;1588232256574
55;12;0;1;1588232255445
122;72;0;1;1588232255781
103;38;0;1;1588232256734
110;22;0;1;1588232255725
165;54;20;0;1588232256987
108;34;0;1;1588232256096
91;30;0;1;1588232255649
143;70;57;0;1588232256688
163;40;26;0;1588232256247
38;4;26;0;1588232257269
185;39;0;1;1588232256539
67;22;0;1;1588232256095
189;71;0;1;1588232256646
92;70;0;1;1588232256950
45;48;0;1;1588232256517
96;36;0;1;1588232256142
9;52;18;0;1588232257100
56;25;35;0;1588232256811
171;69;0;1;1588232257079
36;26;0;1;1588232257040
126;35;44;0;1588232256728
122;5;0;1;1588232256241
185;66;0;1;1588232256847
176;17;0;1;1588232256858
84;62;0;1;1588232256547
26;73;32;0;1588232257455
64;58;0;1;1588232257492
99;7;0;1;1588232256745
25;61;0;1;1588232257001
182;31;0;1;1588232257236
79;69;0;1;1588232256930
113;18;32;0;1588232257347
39;48;33;0;1588232256734
175;14;0;1;1588232257492
157;75;63;0;1588232256816
57;28;0;1;1588232257642
56;74;16;0;1588232257354
117;27;0;1;1588232256779
198;47;0;1;1588232256721
122;29;34;0;1588232257453
160;59;24;0;1588232257845
7;29;0;1;1588232257406
61;7;10;0;1588232257349
75;60;0;1;1588232257294
186;7;0;1;1588232257561
82;54;0;1;1588232257056
122;61;0;1;1588232257668
180;23;46;0;1588232257336
130;38;0;1;1588232258051
198;66;0;1;1588232257023
171;56;0;1;1588232257343
41;55;64;0;1588232257550
24;3;70;0;1588232257441
124;1;0;1;1588232257696
94;64;4;0;1588232258425
49;12;0;1;1588232257340
93;48;0;1;1588232257455
93;50;0;1;1588232257798
122;59;0;1;1588232258307
24;3;0;1;1588232257771
182;21;1;0;1588232258460
50;71;9;0;1588232257592
172;72;0;1;1588232257744
112;63;40;0;1588232258396
177;68;44;0;1588232257545
198;40;0;1;1588232258328
78;65;56;0;1588232257849
3;9;0;1;1588232258571
66;56;0;1;1588232258235
55;22;71;0;1588232258312
6;18;0;1;1588232257892
77;44;0;1;1588232258177
67;38;0;1;1588232257572
47;3;19;0;1588232258940
34;15;0;1;1588232257669
137;31;0;1;1588232258862
54;56;0;1;1588232258926
139;53;0;1;1588232258707
57;15;0;1;1588232258103
141;71;57;0;1588232258935
129;7;0;1;1588232257832
192;43;49;0;1588232258817
191;58;41;0;1588232258987
158;35;0;1;1588232258527
142;11;64;0;1588232258953
18;42;39;0;1588232258383
8;74;0;1;1588232258846
11;15;0;1;1588232258314
21;61;7;0;1588232258947
31;12;35;0;1588232258426
170;34;0;1;1588232258793
69;10;15;0;1588232259018
26;71;0;1;1588232258425
89;55;0;1;1588232259003
75;36;0;1;1588232259060
166;43;73;0;1588232259380
133;71;0;1;1588232258090
89;64;66;0;1588232259076
8;5;42;0;1588232259155
23;62;0;1;1588232259272
173;58;0;1;1588232258901
6;47;0;1;1588232259088
88;43;0;1;1588232258911
102;65;66;0;1588232258728
92;3;0;1;1588232258566
33;70;0;1;1588232258958
168;47;38;0;1588232258855
69;71;0;1;1588232259497
28;75;0;1;1588232259094
67;8;0;1;1588232258975
170;8;48;0;1588232259530
139;60;49;0;1588232259507
82;30;0;1;1588232259720
76;12;3;0;1588232259574
173;49;35;0;1588232260007
24;19;0;1;1588232259622
145;13;56;0;1588232258891
199;49;63;0;1588232258981
141;31;74;0;1588232259743
115;57;13;0;1588232259744
23;15;8;0;1588232259479
158;42;71;0;1588232259934
56;68;43;0;1588232259451
189;14;0;1;1588232259753
92;52;0;1;1588232259936
94;13;0;1;1588232259740
58;7;60;0;1588232259376
181;16;0;1;1588232259688
187;61;0;1;1588232258911
42;55;0;1;1588232260116
59;28;3;0;1588232259380
47;8;0;1;1588232259600
141;68;0;1;1588232259310
80;49;41;0;1588232259891
160;1;0;1;1588232259162
173;26;20;0;1588232260161
187;66;34;0;1588232260461
111;55;0;1;1588232260225
87;58;0;1;1588232260067
141;64;15;0;1588232259514
117;50;74;0;1588232259836
63;65;47;0;1588232259516
97;29;0;1;1588232259277
42;41;44;0;1588232260707
165;6;0;1;1588232259826
176;9;23;0;1588232260491
107;48;22;0;1588232260369
182;63;0;1;1588232260269
87;29;0;1;1588232259687
180;45;0;1;1588232259893
113;36;0;1;1588232260730
79;69;0;1;1588232260596
138;36;7;0;1588232261062
158;40;6;0;1588232260311
8;66;51;0;1588232260123
40;6;0;1;1588232259656
34;46;0;1;1588232259687
81;32;0;1;1588232260811
59;65;0;1;1588232260520
101;7;22;0;1588232261013
18;5;66;0;1588232260325
114;64;33;0;1588232261146
10;29;0;1;1588232260455
6;4;0;1;1588232260789
154;75;0;1;1588232261150
132;63;0;1;1588232260581
173;11;51;0;1588232260747
139;58;0;1;1588232260060
162;55;10;0;1588232261305
129;18;0;1;1588232260331
133;59;63;0;1588232261389
39;49;20;0;1588232261742
30;66;30;0;1588232261499
62;16;7;0;1588232261171
41;36;0;1;1588232260308
191;4;73;0;1588232261592
69;47;4;0;1588232261741
137;12;0;1;1588232260910
161;20;70;0;1588232261412
180;58;54;0;1588232261116
21;66;0;1;1588232261385
159;61;0;1;1588232260848
177;33;0;1;1588232261101
83;72;70;0;1588232260930
64;24;4;0;1588232261554
177;24;41;0;1588232261614
103;49;0;1;1588232261427
193;24;0;1;1588232261782
78;23;0;1;1588232261211
134;6;0;1;1588232261823
187;40;70;0;1588232261041
33;11;0;1;1588232260767
16;42;57;0;1588232261381
69;8;0;1;1588232261124
150;5;62;0;1588232261475
94;40;0;1;1588232261644
27;34;0;1;1588232261131
137;33;0;1;1588232261798
146;35;16;0;1588232261654
134;53;0;1;1588232261378
119;67;2;0;1588232262397
120;2;11;0;1588232262452
183;24;0;1;1588232261806
104;20;0;1;1588232261811
8;7;30;0;1588232261520
54;72;59;0;1588232261861
9;11;0;1;1588232262426
86;30;0;1;1588232262425
48;52;0;1;1588232262444
129;9;0;1;1588232261228
44;45;28;0;1588232262020
188;33;0;1;1588232261880
89;46;0;1;1588232262056
181;2;29;0;1588232262370
57;72;0;1;1588232261518
166;45;24;0;1588232262307
135;75;74;0;1588232261770
190;63;59;0;1588232262070
27;10;57;0;1588232262027
126;48;0;1;1588232261674
192;19;58;0;1588232263040
43;3;0;1;1588232262253
181;44;0;1;1588232262117
25;37;0;1;1588232261858
150;12;0;1;1588232262649
144;64;32;0;1588232262222
184;23;0;1;1588232261929
197;47;75;0;1588232263253
64;63;0;1;1588232262686
8;59;0;1;1588232262034
92;24;0;1;1588232262357
189;37;53;0;1588232263421
197;12;0;1;1588232262707
58;49;0;1;1588232262148
70;50;0;1;1588232263031
57;55;18;0;1588232262761
47;71;0;1;1588232262117
170;67;29;0;1588232263311
175;59;0;1;1588232262310
166;16;2;0;1588232263291
22;55;0;1;1588232262375
29;16;10;0;1588232263048
101;13;73;0;1588232263293
69;59;55;0;1588232263156
55;5;0;1;1588232263443
71;41;0;1;1588232262940
7;39;7;0;1588232262810
109;66;0;1;1588232262587
86;48;0;1;1588232262451
73;50;25;0;1588232263473
26;49;0;1;1588232262574
117;73;0;1;1588232263396
157;19;20;0;1588232263104
140;58;0;1;1588232263711
31;58;0;1;1588232263156
36;71;16;0;1588232263850
136;28;35;0;1588232264069
39;65;42;0;1588232263977
102;18;67;0;1588232263823
94;4;0;1;1588232263750
179;13;0;1;1588232263407
118;27;0;1;1588232263171
152;59;5;0;1588232263662
41;35;0;1;1588232263765
32;34;0;1;1588232264045
49;48;0;1;1588232264066
103;59;0;1;1588232263826
104;45;55;0;1588232263609
9;45;0;1;1588232263747
24;30;44;0;1588232263366
179;40;27;0;1588232264091
70;66;0;1;1588232264204
5;48;0;1;1588232263465
57;27;0;1;1588232263148
48;61;55;0;1588232264232
133;73;0;1;1588232263347
32;12;9;0;1588232263981
187;23;0;1;1588232263913
88;58;63;0;1588232264541
179;64;39;0;1588232263920
97;14;73;0;1588232264454
142;17;0;1;1588232264519
30;70;61;0;1588232264640
14;30;57;0;1588232265006
157;2;0;1;1588232263558
151;20;41;0;1588232265141
20;56;0;1;1588232263708
83;71;58;0;1588232264866
116;6;49;0;1588232264690
87;36;44;0;1588232264401
11;38;0;1;1588232264971
107;32;60;0;1588232264821
21;23;0;1;1588232264759
123;71;0;1;1588232263860
47;6;0;1;1588232264753
178;30;42;0;1588232264363
193;73;51;0;1588232264687
191;58;0;1;1588232265063
128;34;0;1;1588232264761
9;64;52;0;1588232264509
143;47;45;0;1588232265378
147;42;0;1;1588232265047
198;23;0;1;1588232264392
186;31;0;1;1588232265029
148;8;0;1;1588232265086
154;7;0;1;1588232264369
171;35;0;1;1588232265379
113;68;0;1;1588232264506
183;21;0;1;1588232264676
64;68;19;0;1588232265662
99;24;0;1;1588232264676
3;57;0;1;1588232264830
154;30;0;1;1588232265351
133;11;50;0;1588232265529
74;54;50;0;1588232265654
122;16;0;1;1588232264755
163;18;0;1;1588232264699
35;49;0;1;1588232264871
2;33;42;0;1588232265863
146;29;0;1;1588232264589
137;73;10;0;1588232265915
176;63;14;0;1588232265754
194;71;0;1;1588232264812
151;72;0;1;1588232265152
137;62;0;1;1588232265533
173;63;0;1;1588232265463
18;36;7;0;1588232265271
163;41;59;0;1588232266105
30;24;0;1;1588232265438
94;2;75;0;1588232265911
144;34;0;1;1588232265976
188;52;0;1;1588232265033
31;18;0;1;1588232265283
170;15;0;1;1588232265683
196;44;0;1;1588232264897
168;4;0;1;1588232265613
33;45;42;0;1588232266373
113;4;46;0;1588232265814
143;41;0;1;1588232265246
65;30;33;0;1588232265857
90;59;18;0;1588232266064
189;50;0;1;1588232265252
95;13;0;1;1588232265221
66;33;18;0;1588232265918
10;56;0;1;1588232266407
143;17;28;0;1588232265986
127;24;26;0;1588232266089
187;60;19;0;1588232266071
90;10;0;1;1588232265706
192;22;19;0;1588232266606
21;41;0;1;1588232265739
24;71;0;1;1588232266340
74;25;27;0;1588232266808
95;62;0;1;1588232265697
84;40;42;0;1588232266816
46;52;0;1;1588232266110
125;72;0;1;1588232266544
136;64;0;1;1588232266501
77;25;34;0;1588232267003
147;10;53;0;1588232266772
163;5;0;1;1588232266335
64;4;55;0;1588232266086
19;60;0;1;1588232266760
74;67;0;1;1588232265872
175;64;0;1;1588232266350
178;43;0;1;1588232266758
5;33;0;1;1588232266734
142;74;0;1;1588232266732
133;24;42;0;1588232266535
15;58;0;1;1588232266011
1;58;0;1;1588232266926
102;40;64;0;1588232266499
38;48;0;1;1588232266923
94;34;0;1;1588232265999
151;43;15;0;1588232266988
133;11;27;0;1588232266898
59;63;0;1;1588232266446
166;64;11;0;1588232267123
117;10;41;0;1588232267243
53;50;0;1;1588232266705
183;66;63;0;1588232267465
191;36;0;1;1588232266313
111;38;44;0;1588232266314
117;17;20;0;1588232267403
38;61;26;0;1588232267409
164;67;0;1;1588232267272
153;66;33;0;1588232266817
182;25;15;0;1588232267727
85;69;0;1;1588232267430
58;61;0;1;1588232267473
191;30;0;1;1588232266814
194;41;0;1;1588232266611
163;40;0;1;1588232267596
84;17;0;1;1588232266490
114;20;69;0;1588232267901
83;14;3;0;1588232267017
100;22;0;1;1588232266757
146;26;0;1;1588232267720
87;58;0;1;1588232267588
26;54;0;1;1588232266648
104;16;0;1;1588232267258
187;22;45;0;1588232267154
47;27;0;1;1588232267226
182;1;0;1;1588232267118
135;14;0;1;1588232266677
198;67;41;0;1588232267642
100;23;0;1;1588232267678
159;2;0;1;1588232267139
48;73;67;0;1588232268217
67;38;0;1;1588232267845
167;72;0;1;1588232268201
186;7;0;1;1588232267344
98;13;0;1;1588232268292
13;22;1;0;1588232268150
40;20;0;1;1588232267525
111;40;41;0;1588232268198
81;1;0;1;1588232268359
78;24;17;0;1588232268304
71;40;23;0;1588232268346
164;40;0;1;1588232267245
111;51;70;0;1588232268050
7;2;0;1;1588232268192
70;60;0;1;1588232268094
153;25;42;0;1588232268476
67;71;26;0;1588232268058
126;57;0;1;1588232267332
159;36;0;1;1588232267786
82;50;0;1;1588232268076
154;13;0;1;1588232268743
76;58;0;1;1588232268782
58;32;0;1;1588232268774
87;61;0;1;1588232267818
124;7;47;0;1588232268390
35;32;48;0;1588232268545
70;39;22;0;1588232268693
81;67;0;1;1588232267913
131;36;0;1;1588232268832
87;62;41;0;1588232268849
157;66;16;0;1588232268477
54;33;28;0;1588232268270
42;48;65;0;1588232269238
88;61;0;1;1588232268113
177;24;0;1;1588232267899
115;44;72;0;1588232268443
78;28;0;1;1588232268567
99;40;0;1;1588232268667
14;21;0;1;1588232268191
29;24;75;0;1588232268466
180;10;73;0;1588232268918
189;29;42;0;1588232268967
47;36;0;1;1588232268394
180;16;5;0;1588232269043
130;46;31;0;1588232269293
94;54;0;1;1588232269360
0;51;0;1;1588232268354
20;1;74;0;1588232268967
15;45;0;1;1588232269428
60;24;57;0;1588232269376
113;45;26;0;1588232269530
19;55;0;1;1588232269201
80;4;74;0;1588232269795
116;42;0;1;1588232269606
196;41;19;0;1588232269143
107;39;73;0;1588232269972
89;12;25;0;1588232269433
126;3;52;0;1588232269869
156;47;0;1;1588232268591
109;8;46;0;1588232269613
9;45;0;1;1588232269871
175;73;0;1;1588232268874
147;46;0;1;1588232269431
86;33;0;1;1588232269818
198;3;0;1;1588232269725
144;28;32;0;1588232269403
34;73;0;1;1588232268983
140;10;27;0;1588232270062
19;44;0;1;1588232269393
87;5;0;1;1588232269338
128;2;0;1;1588232269522
92;19;38;0;1588232270387
31;45;0;1;1588232269530
101;32;0;1;1588232269643
196;49;43;0;1588232270424
5;59;63;0;1588232270563
147;17;0;1;1588232269450
14;28;0;1;1588232269848
116;13;56;0;1588232270641
166;6;9;0;1588232269901
188;60;0;1;1588232269513
173;47;7;0;1588232270655
198;31;43;0;1588232270352
184;44;0;1;1588232269774
76;38;0;1;1588232269824
100;38;0;1;1588232270769
87;49;33;0;1588232270467
130;49;0;1;1588232269712
165;24;0;1;1588232270396
104;73;16;0;1588232270301
143;71;58;0;1588232270426
154;26;0;1;1588232270436
198;26;0;1;1588232270278
9;35;0;1;1588232270535
114;40;0;1;1588232270550
39;49;0;1;1588232270854
85;6;11;0;1588232270363
71;25;0;1;1588232271007
91;22;0;1;1588232269812
27;34;0;1;1588232269899
94;36;59;0;1588232270607
21;39;0;1;1588232270150
68;15;0;1;1588232270030
123;37;0;1;1588232270563
61;67;0;1;1588232270021
80;68;25;0;1588232270860
190;39;0;1;1588232270345
38;69;0;1;1588232270202
61;61;4;0;1588232271127
109;46;22;0;1588232271161
64;57;40;0;1588232271576
173;72;0;1;1588232270771
33;56;0;1;1588232271130
179;23;0;1;1588232271272
124;43;0;1;1588232270384
23;53;0;1;1588232271166
39;24;72;0;1588232270800
120;63;0;1;1588232270770
196;69;0;1;1588232271482
194;37;71;0;1588232271942
194;4;0;1;1588232270744
21;64;0;1;1588232271652
184;70;26;0;1588232271250
115;22;0;1;1588232271100
177;71;0;1;1588232272002
24;8;0;1;1588232272016
117;10;65;0;1588232271784
168;13;64;0;1588232271946
165;15;0;1;1588232271571
188;56;0;1;1588232271475
119;36;0;1;1588232271265
74;61;0;1;1588232271204
120;41;0;1;1588232271215
142;31;0;1;1588232271275
154;14;0;1;1588232272433
74;64;33;0;1588232271684
66;68;0;1;1588232272038
70;7;61;0;1588232271554
2;22;0;1;1588232271595
167;39;41;0;1588232272599
35;74;0;1;1588232271783
117;42;53;0;1588232272156
137;41;0;1;1588232272016
6;16;25;0;1588232272025
161;7;0;1;1588232271599
50;30;0;1;1588232271901
11;56;45;0;1588232273006
184;37;29;0;1588232272361
38;32;59;0;1588232272452
23;59;0;1;1588232271778
33;35;26;0;1588232272373
32;47;0;1;1588232272649
172;5;0;1;1588232272128
98;16;13;0;1588232272310
80;73;0;1;1588232272759
129;25;0;1;1588232273017
33;27;0;1;1588232273111
179;25;0;1;1588232273154
177;25;66;0;1588232273251
181;4;68;0;1588232272824
192;18;0;1;1588232272889
79;25;0;1;1588232272614
0;21;62;0;1588232272307
26;62;0;1;1588232272292
157;28;64;0;1588232273512
189;33;65;0;1588232272721
171;15;16;0;1588232272681
113;41;16;0;1588232273342
177;34;0;1;1588232272989
39;43;39;0;1588232272803
85;66;24;0;1588232272907
127;4;37;0;1588232273772
156;17;0;1;1588232272682
64;65;0;1;1588232273335
196;55;0;1;1588232273299
137;59;0;1;1588232272976
191;63;0;1;1588232273369
116;67;0;1;1588232273368
127;53;10;0;1588232272992
145;44;31;0;1588232273273
107;39;0;1;1588232273182
150;65;3;0;1588232272908
12;68;56;0;1588232273674
17;15;0;1;1588232272761
198;27;43;0;1588232274225
149;25;49;0;1588232273821
145;1;56;0;1588232273774
64;67;0;1;1588232273796
125;29;17;0;1588232273959
51;13;67;0;1588232274275
58;2;58;0;1588232273547
47;50;52;0;1588232274409
45;75;43;0;1588232274221
179;2;0;1;1588232273725
176;73;0;1;1588232273179
10;40;48;0;1588232274091
56;68;0;1;1588232273823
121;58;19;0;1588232274457
73;59;0;1;1588232273663
46;68;0;1;1588232273622
129;64;14;0;1588232274432
142;41;0;1;1588232273824
6;19;0;1;1588232274239
61;54;21;0;1588232273728
190;8;0;1;1588232273989
193;19;0;1;1588232274192
93;45;0;1;1588232274335
70;11;64;0;1588232274814
27;47;22;0;1588232273895
89;47;0;1;1588232274261
87;1;3;0;1588232274829
32;56;46;0;1588232274630
194;9;72;0;1588232274218
176;6;0;1;1588232273596
37;55;17;0;1588232274505
177;41;0;1;1588232274245
89;10;26;0;1588232274073
4;21;47;0;1588232274160
36;42;73;0;1588232274134
183;24;11;0;1588232274413
142;24;2;0;1588232274997
162;59;0;1;1588232274698
76;57;66;0;1588232273985
80;74;11;0;1588232274926
173;56;0;1;1588232273932
68;5;0;1;1588232273855
77;49;0;1;1588232274079
91;46;0;1;1588232275041
173;58;0;1;1588232275117
129;70;0;1;1588232274845
83;68;0;1;1588232274534
82;21;0;1;1588232274659
132;33;0;1;1588232275247
177;3;53;0;1588232275129
86;19;0;1;1588232274775
33;71;0;1;1588232274458
161;66;72;0;1588232275729
175;14;52;0;1588232274574
134;66;0;1;1588232275361
23;47;0;1;1588232274409
169;59;0;1;1588232274335
193;61;73;0;1588232275415
55;27;0;1;1588232274405
44;28;0;1;1588232274744
32;17;0;1;1588232275375
189;55;0;1;1588232275002
152;60;70;0;1588232275602
20;23;30;0;1588232275078
148;64;40;0;1588232275012
84;31;44;0;1588232274904
9;7;0;1;1588232275059
60;54;43;0;1588232276093
43;26;59;0;1588232276132
53;4;29;0;1588232275395
160;23;0;1;1588232275576
129;62;58;0;1588232275375
38;58;39;0;1588232275465
37;66;23;0;1588232275602
195;67;0;1;1588232274967
1;39;0;1;1588232274968
106;2;28;0;1588232276289
6;40;0;1;1588232275523
82;38;0;1;1588232275521
123;20;0;1;1588232275318
199;67;0;1;1588232275054
195;2;0;1;1588232275658
140;66;0;1;1588232275494
99;19;0;1;1588232275834
56;27;0;1;1588232275177
161;57;0;1;1588232276267
106;45;0;1;1588232276224
101;56;0;1;1588232275878
85;1;0;1;1588232275638
68;62;0;1;1588232276574
56;73;14;0;1588232276069
176;47;0;1;1588232276301
141;52;0;1;1588232276468
22;11;0;1;1588232275595
73;75;0;1;1588232276224
34;54;25;0;1588232277066
128;55;0;1;1588232276136
29;9;37;0;1588232276213
107;26;0;1;1588232276239
1;29;0;1;1588232275963
157;40;9;0;1588232276309
194;74;0;1;1588232276767
124;22;37;0;1588232276470
90;39;64;0;1588232277107
19;17;0;1;1588232275994
16;15;0;1;1588232276602
47;55;0;1;1588232276315
89;60;46;0;1588232276520
182;10;60;0;1588232276890
173;21;0;1;1588232276459
34;1;58;0;1588232277498
37;55;0;1;1588232277323
34;26;0;1;1588232276791
49;6;0;1;1588232276238
62;71;55;0;1588232277157
71;44;0;1;1588232276848
145;60;0;1;1588232277136
21;7;16;0;1588232276947
101;20;0;1;1588232277498
75;65;48;0;1588232277105
180;56;0;1;1588232277216
51;40;56;0;1588232277127
173;54;0;1;1588232276673
191;3;6;0;1588232277297
122;26;58;0;1588232276807
164;51;21;0;1588232277931
171;32;0;1;1588232277594
19;39;75;0;1588232277707
90;57;0;1;1588232276703
87;37;0;1;1588232276855
118;72;0;1;1588232276776
128;46;0;1;1588232277781
159;75;0;1;1588232277155
44;12;36;0;1588232277967
27;53;39;0;1588232277450
118;21;0;1;1588232277101
104;53;0;1;1588232277905
185;59;0;1;1588232277445
146;10;0;1;1588232277285
98;47;72;0;1588232277737
41;29;50;0;1588232278470
157;24;0;1;1588232277032
150;10;0;1;1588232277892
143;52;0;1;1588232277090
71;56;0;1;1588232277236
21;6;67;0;1588232277916
28;55;0;1;1588232277144
85;66;70;0;1588232278326
76;38;0;1;1588232278111
16;59;0;1;1588232277850
173;34;0;1;1588232277270
193;1;0;1;1588232278068
130;20;37;0;1588232278310
59;18;55;0;1588232278766
158;12;8;0;1588232278384
46;54;49;0;1588232277811
93;51;0;1;1588232278344
38;35;72;0;1588232278616
54;41;25;0;1588232278434
31;45;0;1;1588232278510
11;73;0;1;1588232278043
165;57;0;1;1588232278489
20;22;0;1;1588232278151
117;17;0;1;1588232278734
40;59;4;0;1588232278268
119;4;64;0;1588232278002
11;55;32;0;1588232278554
65;61;0;1;1588232278746
74;41;55;0;1588232278254
6;22;1;0;1588232278942
153;65;0;1;1588232278978
51;23;0;1;1588232278857
188;64;0;1;1588232278981
38;60;0;1;1588232277970
187;4;0;1;1588232278377
28;67;0;1;1588232279110
21;23;0;1;1588232278508
131;50;0;1;1588232278242
75;45;44;0;1588232278888
160;20;0;1;1588232279152
174;28;9;0;1588232278809
150;25;0;1;1588232278930
1;42;0;1;1588232278198
10;44;60;0;1588232278524
179;44;0;1;1588232278326
9;14;69;0;1588232279292
135;11;65;0;1588232279592
88;52;13;0;1588232279535
125;51;25;0;1588232278563
152;71;29;0;1588232278814
59;7;60;0;1588232278603
179;56;0;1;1588232279530
2;3;63;0;1588232279614
194;71;0;1;1588232279242
7;17;0;1;1588232279388
169;49;0;1;1588232278830
128;32;0;1;1588232279636
183;9;49;0;1588232279770
43;10;0;1;1588232279562
43;58;0;1;1588232278628
157;17;29;0;1588232278989
168;52;58;0;1588232279811
178;64;0;1;1588232278523
82;50;0;1;1588232278703
10;9;0;1;1588232279231
79;28;30;0;1588232280307
148;21;0;1;1588232278902
144;20;0;1;1588232279269
60;18;9;0;1588232280187
129;44;0;1;1588232279783
15;71;0;1;1588232279453
15;44;24;0;1588232280328
151;2;0;1;1588232279586
183;30;73;0;1588232280049
135;14;0;1;1588232279464
162;30;0;1;1588232279898
195;34;0;1;1588232279901
121;16;0;1;1588232279529
131;49;0;1;1588232279788
113;35;0;1;1588232279846
56;73;0;1;1588232279690
3;50;0;1;1588232279254
48;16;43;0;1588232280478
137;9;0;1;1588232279808
10;50;37;0;1588232279986
172;26;20;0;1588232280397
188;26;0;1;1588232279833
187;59;0;1;1588232280577
14;18;52;0;1588232280110
82;56;0;1;1588232280394
15;54;0;1;1588232279500
10;70;0;1;1588232279411
104;50;26;0;1588232279740
10;23;55;0;1588232280929
77;57;0;1;1588232280009
89;57;0;1;1588232280148
164;56;71;0;1588232280135
51;64;0;1;1588232279812
20;31;0;1;1588232279992
54;26;64;0;1588232280003
153;18;0;1;1588232280729
30;14;0;1;1588232280639
57;65;28;0;1588232280532
189;16;30;0;1588232280220
59;41;9;0;1588232280570
122;1;0;1;1588232280056
82;75;0;1;1588232281095
20;30;0;1;1588232279974
62;55;28;0;1588232281119
94;35;50;0;1588232280766
167;44;35;0;1588232281167
38;73;0;1;1588232280240
63;30;0;1;1588232280539
26;52;71;0;1588232280941
190;65;0;1;1588232280873
19;27;38;0;1588232281618
45;33;0;1;1588232280962
180;28;0;1;1588232280576
144;6;0;1;1588232280526
156;58;0;1;1588232280581
29;14;23;0;1588232280752
93;1;0;1;1588232281179
45;50;19;0;1588232281230
112;35;0;1;1588232280618
130;51;0;1;1588232281074
179;62;0;1;1588232280567
188;35;2;0;1588232281318
106;19;0;1;1588232281393
80;66;0;1;1588232280935
34;30;0;1;1588232281765
117;14;69;0;1588232281249
166;10;45;0;1588232282226
66;62;0;1;1588232280964
118;61;0;1;1588232281686
161;65;30;0;1588232282077
147;13;0;1;1588232281281
186;8;26;0;1588232281432
33;74;11;0;1588232281081
148;24;0;1;1588232281738
129;35;0;1;1588232281654
181;59;36;0;1588232282179
102;34;0;1;1588232281844
145;75;0;1;1588232281049
71;71;73;0;1588232282124
33;36;0;1;1588232281031
113;70;0;1;1588232282179
127;28;67;0;1588232281611
124;53;0;1;1588232281264
39;66;0;1;1588232281551
117;11;21;0;1588232282320
87;45;0;1;1588232281642
113;30;0;1;1588232281478
127;21;53;0;1588232282159
3;68;0;1;1588232281361
196;54;0;1;1588232281531
137;21;0;1;1588232281366
22;25;0;1;1588232282014
167;65;0;1;1588232281714
176;36;0;1;1588232282172
77;38;72;0;1588232281750
71;60;0;1;1588232282377
65;23;24;0;1588232281945
2;22;14;0;1588232282727
182;35;0;1;1588232282070
50;69;5;0;1588232282877
12;50;0;1;1588232281871
176;7;0;1;1588232282919
53;60;0;1;1588232282118
68;8;0;1;1588232282649
85;28;54;0;1588232282515
37;21;25;0;1588232282858
51;40;0;1;1588232282422
129;59;30;0;1588232283366
18;74;0;1;1588232282819
104;22;20;0;1588232283437
57;62;0;1;1588232282922
30;43;0;1;1588232282855
161;35;0;1;1588232282234
19;15;0;1;1588232283305
197;60;68;0;1588232282878
23;8;12;0;1588232282598
167;51;0;1;1588232283071
18;51;0;1;1588232282532
106;70;0;1;1588232282988
94;53;0;1;1588232283061
171;17;47;0;1588232283288
46;73;0;1;1588232282408
45;1;30;0;1588232282781
11;44;11;0;1588232283028
28;48;75;0;1588232283053
6;10;33;0;1588232282733
74;12;69;0;1588232283351
116;24;0;1;1588232282932
8;32;0;1;1588232282695
45;63;0;1;1588232282341
34;50;0;1;1588232283522
98;52;30;0;1588232283338
166;68;11;0;1588232282878
179;4;7;0;1588232283620
198;38;0;1;1588232283025
111;6;0;1;1588232282503
196;30;40;0;1588232282840
69;59;0;1;1588232283129
120;5;0;1;1588232282624
72;2;0;1;1588232282748
2;37;0;1;1588232282673
39;67;0;1;1588232282724
192;49;62;0;1588232284090
4;2;0;1;1588232283795
3;25;0;1;1588232283404
168;68;0;1;1588232283616
195;22;0;1;1588232282943
160;34;64;0;1588232283249
9;39;46;0;1588232283216
140;40;52;0;1588232284430
104;15;0;1;1588232283158
66;21;0;1;1588232283686
102;53;0;1;1588232283408
177;45;13;0;1588232283963
99;34;11;0;1588232284417
152;31;64;0;1588232283871
103;72;37;0;1588232284566
176;41;10;0;1588232284173
111;23;0;1;1588232283718
10;75;0;1;1588232283786
13;2;0;1;1588232284478
2;39;0;1;1588232283990
99;7;0;1;1588232283747
36;66;0;1;1588232283358
88;23;0;1;1588232283578
196;21;0;1;1588232284068
132;15;0;1;1588232283968
78;23;0;1;1588232284677
106;11;0;1;1588232284127
162;16;3;0;1588232284695
173;40;0;1;1588232283684
190;64;31;0;1588232283826
131;32;46;0;1588232284027
10;35;0;1;1588232284841
6;17;59;0;1588232285143
130;24;59;0;1588232284214
51;42;0;1;1588232283837
56;38;0;1;1588232284483
49;36;0;1;1588232283842
26;34;0;1;1588232284115
66;44;0;1;1588232284745
144;64;0;1;1588232285008
96;6;0;1;1588232284020
100;5;0;1;1588232284998
111;22;0;1;1588232284841
60;28;37;0;1588232285162
136;12;0;1;1588232284435
55;64;44;0;1588232284920
44;74;0;1;1588232284712
158;56;70;0;1588232285314
71;70;28;0;1588232285263
57;47;52;0;1588232284944
106;38;54;0;1588232284481
104;33;0;1;1588232284918
174;9;0;1;1588232285024
183;3;52;0;1588232285199
120;11;15;0;1588232285596
76;32;0;1;1588232284677
193;17;58;0;1588232285441
149;64;0;1;1588232285102
85;50;0;1;1588232285351
55;28;18;0;1588232285726
180;74;3;0;1588232285662
96;33;0;1;1588232284415
104;19;0;1;1588232285494
22;10;66;0;1588232285345
45;52;0;1;1588232285049
86;47;43;0;1588232285357
97;72;0;1;1588232284741
171;35;40;0;1588232285118
190;4;0;1;1588232285487
49;64;36;0;1588232285373
78;49;60;0;1588232285947
33;18;0;1;1588232285044
129;23;0;1;1588232285125
66;29;0;1;1588232284962
27;63;0;1;1588232285795
85;21;0;1;1588232285445
34;36;0;1;1588232285106
68;42;28;0;1588232285181
181;10;2;0;1588232286287
44;26;0;1;1588232284961
75;13;0;1;1588232285716
19;51;0;1;1588232285921
90;43;70;0;1588232286091
79;23;61;0;1588232286537
103;52;75;0;1588232286304
53;55;0;1;1588232285099
196;73;0;1;1588232286227
196;69;0;1;1588232285782
75;55;0;1;1588232285861
198;31;0;1;1588232286018
141;40;0;1;1588232285446
182;32;60;0;1588232286741
145;72;44;0;1588232286799
128;45;31;0;1588232286851
181;54;53;0;1588232286004
160;14;61;0;1588232286306
68;39;41;0;1588232286872
183;10;0;1;1588232286748
114;19;35;0;1588232286090
118;5;15;0;1588232286136
106;42;71;0;1588232286914
149;38;0;1;1588232285681
90;35;0;1;1588232285706
40;65;48;0;1588232287029
79;23;20;0;1588232286477
78;47;0;1;1588232285695
105;20;0;1;1588232285869
71;54;0;1;1588232286723
94;73;0;1;1588232287007
132;59;23;0;1588232286155
96;17;0;1;1588232286277
108;15;0;1;1588232286726
174;55;0;1;1588232285969
157;67;65;0;1588232287152
2;41;0;1;1588232286791
28;46;0;1;1588232286022
175;54;0;1;1588232286474
92;53;0;1;1588232286930
29;13;0;1;1588232286903
194;30;0;1;1588232286364
184;49;0;1;1588232286262
51;75;6;0;1588232286810
5;74;0;1;1588232286557
52;43;0;1;1588232287239
96;48;50;0;1588232286515
167;73;75;0;1588232287800
94;31;57;0;1588232287448
152;15;0;1;1588232286608
143;21;25;0;1588232287809
121;71;0;1;1588232286492
143;45;0;1;1588232287086
109;28;0;1;1588232286624
11;26;0;1;1588232287495
161;72;0;1;1588232287222
50;69;43;0;1588232287297
75;30;28;0;1588232287862
114;17;21;0;1588232286736
30;72;0;1;1588232287207
163;29;0;1;1588232287568
107;16;0;1;1588232287720
84;53;0;1;1588232287765
46;23;16;0;1588232288210
138;8;0;1;1588232286689
95;5;13;0;1588232287318
38;39;0;1;1588232286973
107;10;61;0;1588232287961
13;45;50;0;1588232287270
119;5;0;1;1588232287443
197;1;0;1;1588232287729
189;14;0;1;1588232287546
74;51;0;1;1588232288178
20;32;0;1;1588232287521
116;63;0;1;1588232287113
197;62;58;0;1588232287252
197;38;10;0;1588232288143
77;36;6;0;1588232288259
23;46;63;0;1588232287707
149;38;0;1;1588232287827
165;51;0;1;1588232288067
157;70;49;0;1588232287477
33;20;0;1;1588232288413
109;59;0;1;1588232288290
139;13;7;0;1588232287856
197;17;0;1;1588232287352
23;28;73;0;1588232288469
182;47;56;0;1588232288518
190;21;0;1;1588232287747
81;57;0;1;1588232288415
88;27;0;1;1588232288468
107;50;0;1;1588232287880
6;11;0;1;1588232287705
27;35;31;0;1588232289040
56;20;30;0;1588232288728
99;27;53;0;1588232288465
158;71;0;1;1588232288232
107;51;0;1;1588232287817
181;67;0;1;1588232288001
82;29;25;0;1588232289046
78;43;0;1;1588232288606
50;51;0;1;1588232288343
25;19;0;1;1588232288044
6;48;0;1;1588232288093
71;14;0;1;1588232288616
64;44;64;0;1588232288846
21;25;0;1;1588232288639
177;64;40;0;1588232288576
116;70;27;0;1588232288799
182;59;66;0;1588232289725
0;40;42;0;1588232289124
186;12;33;0;1588232289011
75;5;0;1;1588232289387
6;48;47;0;1588232289568
171;54;0;1;1588232289431
112;40;23;0;1588232289793
185;58;74;0;1588232289545
178;72;1;0;1588232289075
62;12;11;0;1588232289722
126;65;57;0;1588232289992
110;36;0;1;1588232289356
112;9;25;0;1588232289623
49;5;0;1;1588232288691
33;54;0;1;1588232289362
128;33;0;1;1588232289312
191;67;0;1;1588232289834
127;60;48;0;1588232289513
146;20;0;1;1588232289419
185;75;59;0;1588232290045
19;51;43;0;1588232289285
66;63;0;1;1588232289422
90;59;75;0;1588232289837
22;55;0;1;1588232289597
168;2;13;0;1588232290238
138;52;0;1;1588232289834
191;49;0;1;1588232290279
172;31;70;0;1588232290610
13;33;43;0;1588232290444
122;10;0;1;1588232290206
6;22;0;1;1588232290202
158;37;39;0;1588232290875
154;51;0;1;1588232290154
117;43;53;0;1588232291068
74;64;48;0;1588232290971
61;59;0;1;1588232290715
186;50;39;0;1588232289859
182;68;0;1;1588232289693
178;38;4;0;1588232290715
191;10;0;1;1588232290607
113;29;0;1;1588232290797
19;32;35;0;1588232290742
187;75;0;1;1588232290526
127;29;3;0;1588232290567
112;67;0;1;1588232289893
159;41;0;1;1588232290944
14;55;16;0;1588232290695
117;58;0;1;1588232290421
130;53;40;0;1588232290231
190;28;0;1;1588232290883
160;60;34;0;1588232290209
170;40;0;1;1588232290637
33;27;0;1;1588232290464
163;24;0;1;1588232289913
62;12;0;1;1588232290519
164;31;0;1;1588232290956
177;67;0;1;1588232291167
142;31;45;0;1588232290468
19;3;0;1;1588232290960
77;68;21;0;1588232290749
92;72;0;1;1588232290300
195;4;26;0;1588232290787
21;2;0;1;1588232290766
116;24;0;1;1588232290405
119;6;57;0;1588232291239
134;10;46;0;1588232291465
74;5;0;1;1588232290313
120;34;0;1;1588232291368
164;5;0;1;1588232291222
12;8;0;1;1588232290616
135;45;0;1;1588232290460
103;6;0;1;1588232290752
137;51;12;0;1588232291663
84;23;0;1;1588232291265
65;67;0;1;1588232290592
102;8;62;0;1588232291385
139;20;55;0;1588232291483
147;8;0;1;1588232291013
17;28;0;1;1588232291435
114;57;0;1;1588232291135
9;64;48;0;1588232291412
64;73;0;1;1588232291674
52;52;36;0;1588232291148
30;33;61;0;1588232291114
10;37;29;0;1588232291967
21;61;0;1;1588232291175
104;67;0;1;1588232291832
107;23;2;0;1588232292273
95;54;63;0;1588232291530
104;74;0;1;1588232291947
165;29;0;1;1588232291500
83;12;0;1;1588232291959
159;68;23;0;1588232291968
192;24;0;1;1588232292193
16;18;0;1;1588232292230
41;11;28;0;1588232291964
190;18;3;0;1588232292520
97;25;0;1;1588232291467
19;49;0;1;1588232292069
111;3;5;0;1588232292715
22;30;0;1;1588232291943
74;36;71;0;1588232292824
154;22;11;0;1588232292551
33;56;0;1;1588232291806
141;54;0;1;1588232292501
186;8;0;1;1588232291786
175;27;37;0;1588232291982
136;58;0;1;1588232291580
194;6;0;1;1588232292134
59;35;16;0;1588232292537
137;58;0;1;1588232292912
18;63;0;1;1588232292405
90;66;0;1;1588232292699
28;60;0;1;1588232292997
103;70;0;1;1588232291799
18;6;0;1;1588232292896
177;25;0;1;1588232292044
73;74;0;1;1588232292928
44;39;70;0;1588232292967
143;16;9;0;1588232292254
140;1;54;0;1588232293293
32;41;0;1;1588232292825
173;53;0;1;1588232292814
98;31;0;1;1588232292925
64;60;0;1;1588232292291
30;63;5;0;1588232293014
183;56;75;0;1588232293525
187;33;68;0;1588232293330
134;12;0;1;1588232292647
189;45;0;1;1588232292542
72;46;24;0;1588232292770
103;5;0;1;1588232293068
169;14;23;0;1588232292638
73;34;0;1;1588232292456
136;6;0;1;1588232292235
12;55;0;1;1588232293392
101;53;0;1;1588232293563
118;2;10;0;1588232293199
84;8;0;1;1588232293056
192;15;54;0;1588232293251
56;14;0;1;1588232292783
51;73;54;0;1588232293253
125;9;0;1;1588232293406
123;39;0;1;1588232293030
14;16;0;1;1588232293274
98;64;0;1;1588232292854
190;15;17;0;1588232293281
180;19;0;1;1588232293218
36;24;68;0;1588232293951
46;42;12;0;1588232293809
60;30;0;1;1588232292965
103;1;0;1;1588232293485
147;25;73;0;1588232292965
46;74;42;0;1588232293452
20;24;0;1;1588232293453
121;63;0;1;1588232293197
74;38;11;0;1588232293453
135;9;0;1;1588232293464
141;66;75;0;1588232293197
169;23;57;0;1588232293635
60;59;0;1;1588232294056
176;19;0;1;1588232293359
191;52;69;0;1588232294114
131;5;21;0;1588232293363
182;39;28;0;1588232294539
166;7;0;1;1588232293545
74;34;41;0;1588232294079
177;52;43;0;1588232293491
152;43;70;0;1588232293959
108;71;47;0;1588232294698
118;39;0;1;1588232293382
76;13;62;0;1588232294649
0;19;0;1;1588232293574
169;3;37;0;1588232294498
132;23;19;0;1588232294534
51;52;0;1;1588232294104
186;26;0;1;1588232293716
162;41;33;0;1588232294498
80;27;41;0;1588232294917
14;22;5;0;1588232295058
5;29;0;1;1588232294874
111;14;12;0;1588232294719
149;13;0;1;1588232294150
30;66;41;0;1588232294908
176;15;55;0;1588232294319
118;63;0;1;1588232294395
52;62;0;1;1588232294728
149;37;29;0;1588232294552
70;47;6;0;1588232294446
161;61;0;1;1588232295156
55;7;0;1;1588232295154
31;28;0;1;1588232294373
62;75;0;1;1588232294044
199;42;0;1;1588232294447
188;20;0;1;1588232295369
86;52;0;1;1588232294451
47;74;0;1;1588232295003
165;21;0;1;1588232295151
89;1;0;1;1588232294299
56;63;0;1;1588232295482
67;43;71;0;1588232294809
49;68;0;1;1588232294816
105;14;0;1;1588232295098
26;59;0;1;1588232294634
31;55;73;0;1588232295913
52;67;0;1;1588232295671
86;67;0;1;1588232294672
95;40;0;1;1588232295692
174;26;0;1;1588232295737
124;50;2;0;1588232295536
150;48;0;1;1588232295284
132;31;0;1;1588232295151
170;65;0;1;1588232295737
69;55;5;0;1588232295992
111;67;60;0;1588232295105
81;7;75;0;1588232295011
150;70;0;1;1588232295693
151;9;0;1;1588232295814
70;72;0;1;1588232295420
75;65;0;1;1588232295361
49;24;48;0;1588232295724
137;12;0;1;1588232295893
32;21;41;0;1588232296243
96;18;0;1;1588232295108
44;44;48;0;1588232295975
176;44;34;0;1588232295591
162;31;0;1;1588232294991
109;65;0;1;1588232294818
1;71;67;0;1588232296212
78;72;23;0;1588232295492
1;7;26;0;1588232296256
61;70;0;1;1588232295585
139;13;0;1;1588232295625
93;8;25;0;1588232296530
16;1;37;0;1588232295367
82;42;20;0;1588232295941
129;22;0;1;1588232295900
123;64;0;1;1588232296152
14;54;0;1;1588232296305
198;22;0;1;1588232296375
41;31;48;0;1588232296688
68;75;0;1;1588232295242
187;62;0;1;1588232295751
182;35;14;0;1588232296609
80;52;73;0;1588232296111
57;44;7;0;1588232296819
93;55;0;1;1588232295424
111;64;39;0;1588232296834
11;39;55;0;1588232295771
122;62;0;1;1588232295696
27;63;0;1;1588232295781
59;48;6;0;1588232295678
101;41;4;0;1588232296333
74;19;42;0;1588232296447
77;71;0;1;1588232296157
194;51;0;1;1588232295759
63;50;67;0;1588232296959
135;20;9;0;1588232296817
1;32;34;0;1588232296751
51;8;0;1;1588232296060
44;64;29;0;1588232296782
91;19;0;1;1588232296303
57;48;0;1;1588232296485
60;8;0;1;1588232296142
131;17;19;0;1588232297147
23;70;0;1;1588232296481
32;14;25;0;1588232296182
86;35;0;1;1588232296913
133;72;41;0;1588232296950
50;11;0;1;1588232296470
199;5;0;1;1588232296426
15;22;0;1;1588232297057
70;18;0;1;1588232296812
179;45;7;0;1588232296351
191;32;3;0;1588232296331
4;17;26;0;1588232296237
163;21;44;0;1588232297047
172;53;0;1;1588232296604
134;66;0;1;1588232296671
18;47;0;1;1588232297070
111;38;0;1;1588232296174
104;67;0;1;1588232296874
29;44;0;1;1588232296395
167;9;0;1;1588232296505
122;48;0;1;1588232297047
126;14;0;1;1588232296358
4;5;0;1;1588232297183
75;32;0;1;1588232296899
26;35;3;0;1588232296815
138;12;0;1;1588232296445
146;61;0;1;1588232296961
131;25;26;0;1588232297679
83;2;61;0;1588232297920
118;62;66;0;1588232297764
91;5;0;1;1588232296864
42;38;25;0;1588232297563
166;35;52;0;1588232297922
134;66;55;0;1588232297986
93;59;0;1;1588232297254
131;30;28;0;1588232297630
149;41;14;0;1588232297523
56;12;1;0;1588232297495
2;47;63;0;1588232297398
44;72;0;1;1588232297856
32;36;0;1;1588232297331
150;57;38;0;1588232297248
19;48;73;0;1588232297848
62;70;0;1;1588232296852
155;8;0;1;1588232297837
38;19;0;1;1588232297236
19;53;18;0;1588232298101
113;73;24;0;1588232298013
157;18;0;1;1588232297329
53;24;8;0;1588232298598
67;10;0;1;1588232297720
92;49;0;1;1588232298198
2;61;17;0;1588232297419
127;14;40;0;1588232297694
119;18;1;0;1588232298046
118;10;0;1;1588232297427
71;8;0;1;1588232298277
65;70;63;0;1588232297527
191;60;8;0;1588232297809
47;60;0;1;1588232297669
152;30;7;0;1588232298503
24;32;55;0;1588232298920
77;43;0;1;1588232298600
141;45;67;0;1588232297861
90;8;1;0;1588232297961
125;72;54;0;1588232298301
142;33;0;1;1588232297509
127;70;0;1;1588232297600
147;11;35;0;1588232298094
43;63;0;1;1588232298320
160;60;0;1;1588232298376
140;66;0;1;1588232298162
127;26;30;0;1588232297945
93;10;0;1;1588232297781
16;6;1;0;1588232298211
100;19;0;1;1588232297760
41;27;0;1;1588232298374
190;19;0;1;1588232297993
77;57;54;0;1588232298658
65;47;0;1;1588232298680
39;54;31;0;1588232298340
40;12;51;0;1588232299519
142;57;0;1;1588232298397
148;3;50;0;1588232299187
163;53;0;1;1588232298741
59;6;11;0;1588232298519
35;61;8;0;1588232298433
13;56;0;1;1588232298320
194;15;0;1;1588232298231
66;11;0;1;1588232298320
97;28;11;0;1588232299454
170;40;0;1;1588232298420
94;44;0;1;1588232298169
40;41;60;0;1588232299674
150;31;13;0;1588232299810
42;67;0;1;1588232299337
136;9;0;1;1588232298931
161;40;22;0;1588232299464
130;51;0;1;1588232299014
74;10;0;1;1588232298650
154;47;42;0;1588232298900
81;13;17;0;1588232299786
96;61;0;1;1588232299787
20;23;0;1;1588232299495
68;7;61;0;1588232299835
144;7;39;0;1588232299037
42;42;0;1;1588232299466
198;29;71;0;1588232300029
70;25;52;0;1588232299527
80;39;0;1;1588232299848
136;52;0;1;1588232299676
182;72;0;1;1588232299434
136;57;55;0;1588232299623
170;32;11;0;1588232299415
116;25;0;1;1588232299029
145;8;52;0;1588232300506
96;46;0;1;1588232300007
10;7;0;1;1588232299790
62;7;0;1;1588232300338
100;12;0;1;1588232299909
16;68;35;0;1588232299753
37;38;0;1;1588232299891
93;17;0;1;1588232299417
103;27;0;1;1588232300331
9;43;0;1;1588232300130
108;1;56;0;1588232300556
26;18;0;1;1588232299612
173;62;0;1;1588232299746
23;32;24;0;1588232299936
135;64;50;0;1588232300693
182;56;15;0;1588232299924
84;71;0;1;1588232300552
16;55;42;0;1588232300486
111;54;0;1;1588232299546
194;24;16;0;1588232300898
9;69;62;0;1588232299952
35;35;47;0;1588232301134
13;46;43;0;1588232300747
98;64;0;1;1588232299615
168;25;0;1;1588232299732
106;12;0;1;1588232301029
155;54;43;0;1588232300079
124;68;32;0;1588232300616
151;26;38;0;1588232301187
1;56;26;0;1588232300964
121;73;36;0;1588232301224
103;59;45;0;1588232300641
137;50;0;1;1588232301134
102;51;0;1;1588232301026
113;46;0;1;1588232300239
117;58;62;0;1588232300953
198;68;0;1;1588232301025
152;7;0;1;1588232300862
25;27;0;1;1588232300376
189;23;3;0;1588232301650
162;42;0;1;1588232301150
167;56;17;0;1588232301329
163;52;56;0;1588232300661
76;2;0;1;1588232301669
91;5;0;1;1588232301277
59;64;29;0;1588232300854
52;40;0;1;1588232300839
90;47;0;1;1588232300873
57;72;69;0;1588232301014
117;12;73;0;1588232301651
21;36;30;0;1588232301787
40;42;0;1;1588232301595
198;53;33;0;1588232301378
82;75;0;1;1588232301317
141;65;0;1;1588232301266
31;49;0;1;1588232301097
19;50;9;0;1588232301714
83;16;0;1;1588232300917
137;59;5;0;1588232301815
116;54;0;1;1588232301333
199;61;31;0;1588232302137
76;28;0;1;1588232301041
175;14;0;1;1588232301171
50;32;58;0;1588232302097
83;46;69;0;1588232302339
2;38;19;0;1588232301510
169;75;0;1;1588232300930
96;10;0;1;1588232301260
72;66;68;0;1588232301623
90;57;0;1;1588232301271
122;21;0;1;1588232301258
43;24;34;0;1588232301823
114;53;0;1;1588232302021
182;42;0;1;1588232302234
101;72;2;0;1588232301414
161;65;47;0;1588232301576
9;60;0;1;1588232301685
132;40;69;0;1588232301957
2;59;0;1;1588232301877
175;75;35;0;1588232301718
26;70;0;1;1588232302227
41;20;0;1;1588232301778
13;9;0;1;1588232301385
97;48;28;0;1588232302610
102;26;0;1;1588232302579
29;49;0;1;1588232302041
148;35;0;1;1588232301734
133;40;0;1;1588232301882
136;51;21;0;1588232302674
163;26;61;0;1588232302595
121;6;0;1;1588232302390
40;14;0;1;1588232301810
169;54;58;0;1588232302747
35;5;0;1;1588232302223
75;22;72;0;1588232302674
139;53;52;0;1588232303216
3;10;48;0;1588232301944
164;54;0;1;1588232302518
117;71;0;1;1588232301875
19;8;0;1;1588232302368
189;5;0;1;1588232302654
128;64;0;1;1588232302133
1;60;0;1;1588232303104
187;41;0;1;1588232302891
163;68;0;1;1588232302804
53;67;36;0;1588232303233
55;54;42;0;1588232302590
175;63;14;0;1588232302452
104;52;0;1;1588232303191
106;40;0;1;1588232303225
56;9;0;1;1588232302823
122;10;18;0;1588232302481
191;22;0;1;1588232302543
184;56;0;1;1588232303161
114;10;0;1;1588232303306
106;42;0;1;1588232302463
45;30;58;0;1588232303681
126;58;26;0;1588232303018
117;65;42;0;1588232303797
21;4;0;1;1588232302954
155;8;0;1;1588232303277
171;58;0;1;1588232302810
196;48;0;1;1588232302689
7;4;2;0;1588232303038
47;31;36;0;1588232303661
134;1;0;1;1588232303110
102;48;0;1;1588232303900
17;47;0;1;1588232303931
169;61;2;0;1588232303859
174;64;0;1;1588232303708
12;48;0;1;1588232303399
124;39;0;1;1588232303418
165;60;0;1;1588232303217
81;23;0;1;1588232302971
185;63;0;1;1588232303450
25;59;72;0;1588232303472
197;8;0;1;1588232303023
194;39;0;1;1588232303182
180;24;0;1;1588232303084
88;22;3;0;1588232303803
71;20;0;1;1588232303357
103;44;6;0;1588232304129
2;45;0;1;1588232304276
125;13;4;0;1588232304203
6;55;0;1;1588232303646
63;67;0;1;1588232304036
82;63;0;1;1588232304335
72;70;0;1;1588232304624
81;17;0;1;1588232304387
157;52;46;0;1588232304027
169;4;0;1;1588232303966
121;57;70;0;1588232304741
25;61;0;1;1588232304298
14;32;0;1;1588232303844
61;6;59;0;1588232304339
88;14;16;0;1588232304156
141;16;0;1;1588232304414
152;1;0;1;1588232304459
182;1;0;1;1588232304648
22;73;0;1;1588232305001
165;74;55;0;1588232305139
98;27;0;1;1588232304551
36;26;0;1;1588232304747
169;18;40;0;1588232304838
64;75;40;0;1588232305191
14;66;16;0;1588232304619
114;52;27;0;1588232304640
130;22;52;0;1588232305423
132;40;69;0;1588232305206
54;31;0;1;1588232304481
7;27;0;1;1588232304111
199;41;49;0;1588232305020
10;12;15;0;1588232305710
132;54;0;1;1588232304934
192;72;0;1;1588232305424
167;5;0;1;1588232304444
62;16;0;1;1588232304881
185;70;0;1;1588232304768
121;25;0;1;1588232305335
120;44;0;1;1588232304532
65;47;0;1;1588232305505
99;20;30;0;1588232305965
166;11;0;1;1588232305335
181;38;0;1;1588232305177
155;75;0;1;1588232305532
116;10;11;0;1588232304891
35;71;75;0;1588232305319
112;27;0;1;1588232305221
145;26;67;0;1588232305680
175;29;0;1;1588232305914
151;37;0;1;1588232305633
16;34;60;0;1588232305122
72;6;75;0;1588232305627
117;12;19;0;1588232305607
195;28;2;0;1588232305224
61;15;0;1;1588232305057
32;40;54;0;1588232306002
68;59;0;1;1588232305201
184;38;46;0;1588232305829
32;22;4;0;1588232305308
6;18;62;0;1588232305696
68;15;0;1;1588232306126
91;32;0;1;1588232306084
190;14;23;0;1588232305594
8;51;10;0;1588232306026
107;40;0;1;1588232305837
175;70;0;1;1588232306065
41;24;39;0;1588232306288
33;57;14;0;1588232306052
199;58;0;1;1588232305756
198;56;74;0;1588232306339
65;60;0;1;1588232305867
26;20;0;1;1588232306476
94;31;0;1;1588232305649
82;55;41;0;1588232306894
73;8;26;0;1588232306348
95;63;0;1;1588232306020
40;73;44;0;1588232306210
66;74;41;0;1588232306135
58;51;67;0;1588232306292
110;8;60;0;1588232305908
194;4;0;1;1588232306257
89;9;0;1;1588232306427
170;1;19;0;1588232306019
70;29;36;0;1588232306302
74;58;0;1;1588232306599
131;4;18;0;1588232306655
51;5;18;0;1588232307238
103;59;0;1;1588232306241
110;53;59;0;1588232306272
186;69;0;1;1588232306215
99;11;54;0;1588232306181
98;24;0;1;1588232305953
0;61;0;1;1588232307145
115;47;29;0;1588232306711
67;44;0;1;1588232306688
82;38;0;1;1588232306572
63;53;0;1;1588232306094
112;32;51;0;1588232306715
95;32;26;0;1588232307044
177;51;24;0;1588232307333
149;38;0;1;1588232306352
107;23;0;1;1588232306091
132;18;0;1;1588232306255
8;62;68;0;1588232306823
187;19;0;1;1588232306888
86;6;55;0;1588232307683
198;3;0;1;1588232306271
189;38;0;1;1588232306657
115;68;50;0;1588232306669
194;9;0;1;1588232307399
188;38;0;1;1588232306950
37;21;0;1;1588232307639
149;14;4;0;1588232307032
59;21;53;0;1588232306981
120;37;0;1;1588232307555
106;35;0;1;1588232307819
79;52;73;0;1588232307885
142;30;69;0;1588232307815
135;73;32;0;1588232307786
191;40;26;0;1588232306956
154;33;14;0;1588232307530
5;38;29;0;1588232307413
68;10;0;1;1588232307255
151;40;0;1;1588232306814
168;50;73;0;1588232307897
5;62;0;1;1588232307718
156;73;7;0;1588232308016
154;15;0;1;1588232308052
65;10;0;1;1588232307528
185;35;0;1;1588232308142
23;52;18;0;1588232308431
51;44;0;1;1588232308266
168;6;75;0;1588232307904
0;51;0;1;1588232308048
153;52;0;1;1588232308077
42;26;0;1;1588232307399
97;47;0;1;1588232307376
191;1;0;1;1588232307485
171;7;0;1;1588232308108
153;36;73;0;1588232308245
10;39;0;1;1588232307558
113;6;25;0;1588232307974
83;36;69;0;1588232307631
29;44;47;0;1588232308339
71;75;0;1;1588232307463
163;15;0;1;1588232308143
123;72;0;1;1588232308628
79;51;0;1;1588232308183
142;41;0;1;1588232308832
12;69;14;0;1588232309086
137;47;1;0;1588232309143
198;57;0;1;1588232308395
178;75;2;0;1588232308136
155;39;61;0;1588232308883
37;53;14;0;1588232308356
143;56;0;1;1588232307803
107;56;46;0;1588232308784
21;44;49;0;1588232309080
45;57;58;0;1588232308497
20;64;0;1;1588232308126
172;24;0;1;1588232308072
79;62;20;0;1588232308520
6;32;9;0;1588232308269
73;57;5;0;1588232308465
63;2;46;0;1588232308603
117;10;46;0;1588232308567
185;75;0;1;1588232309166
122;51;18;0;1588232309322
199;64;24;0;1588232308589
179;20;30;0;1588232309352
91;69;33;0;1588232308590
189;64;0;1;1588232308188
66;52;75;0;1588232309295
29;28;0;1;1588232308239
153;44;43;0;1588232309278
61;7;0;1;1588232308790
46;62;0;1;1588232308423
26;4;0;1;1588232308961
189;74;0;1;1588232308848
172;63;0;1;1588232309201
124;47;12;0;1588232309081
125;27;0;1;1588232309067
47;75;46;0;1588232308807
108;41;0;1;1588232308829
140;15;74;0;1588232309695
108;24;0;1;1588232309565
98;27;0;1;1588232308648
126;57;0;1;1588232308814
16;39;25;0;1588232309011
51;65;0;1;1588232308976
86;31;55;0;1588232309033
43;1;0;1;1588232309749
91;35;0;1;1588232309323
151;35;38;0;1588232309959
159;21;35;0;1588232309106
37;44;47;0;1588232309398
26;70;0;1;1588232309840
80;26;48;0;1588232309683
1;30;0;1;1588232309136
170;9;42;0;1588232309448
20;32;0;1;1588232310050
70;41;34;0;1588232310111
77;64;21;0;1588232309301
95;34;69;0;1588232309789
175;4;37;0;1588232310167
15;27;0;1;1588232309344
125;55;0;1;1588232309887
133;26;0;1;1588232309315
57;40;0;1;1588232309885
0;57;7;0;1588232309651
63;14;0;1;1588232309563
178;10;41;0;1588232310191
168;25;0;1;1588232309995
51;8;0;1;1588232309393
110;17;0;1;1588232310095
145;70;0;1;1588232310323
112;36;0;1;1588232310505
109;62;0;1;1588232310587
131;13;0;1;1588232309780
145;60;0;1;1588232310566
97;67;0;1;1588232310092
76;61;71;0;1588232310577
11;49;0;1;1588232309688
92;69;0;1;1588232310696
100;61;37;0;1588232311233
179;67;0;1;1588232310120
44;54;38;0;1588232311349
159;43;0;1;1588232310450
110;13;0;1;1588232309944
21;64;0;1;1588232310749
65;55;0;1;1588232311110
127;70;8;0;1588232310857
97;42;73;0;1588232310681
92;55;0;1;1588232310446
84;75;18;0;1588232310926
151;56;69;0;1588232311341
11;67;0;1;1588232310047
112;6;0;1;1588232310125
101;72;0;1;1588232310838
108;26;0;1;1588232310553
13;6;33;0;1588232311440
19;46;20;0;1588232310547
91;6;22;0;1588232310618
149;10;0;1;1588232311422
146;11;41;0;1588232310587
197;75;0;1;1588232310542
158;51;14;0;1588232311713
55;46;0;1;1588232310629
178;26;0;1;1588232311255
67;16;0;1;1588232310892
185;8;0;1;1588232311439
184;44;0;1;1588232311016
99;28;1;0;1588232311445
116;58;0;1;1588232311201
49;70;0;1;1588232310515
29;47;32;0;1588232311366
10;41;0;1;1588232311714
86;61;0;1;1588232311812
35;72;0;1;1588232311036
123;48;0;1;1588232311422
194;55;0;1;1588232311732
113;71;0;1;1588232310740
100;9;0;1;1588232311908
181;63;0;1;1588232311804
28;55;13;0;1588232311814
72;2;0;1;1588232311683
95;67;45;0;1588232311105
157;5;0;1;1588232311443
167;2;52;0;1588232312397
121;72;6;0;1588232312301
12;28;0;1;1588232312182
64;46;0;1;1588232311079
89;49;0;1;1588232311979
186;42;0;1;1588232311955
180;10;67;0;1588232311406
138;50;25;0;1588232312179
33;52;0;1;1588232312019
151;22;29;0;1588232312483
32;72;0;1;1588232311616
48;50;0;1;1588232311955
67;30;0;1;1588232311428
111;24;51;0;1588232311511
132;7;2;0;1588232312652
46;33;70;0;1588232311638
36;38;0;1;1588232312177
17;15;0;1;1588232312530
104;33;11;0;1588232312622
136;12;21;0;1588232311808
53;24;64;0;1588232312799
97;30;62;0;1588232311813
82;21;0;1;1588232312308
11;1;27;0;1588232312522
59;1;73;0;1588232312888
1;54;0;1;1588232311651
1;29;0;1;1588232312687
163;23;0;1;1588232311651
146;11;0;1;1588232312746
31;36;64;0;1588232312062
9;2;60;0;1588232312106
70;68;34;0;1588232312047
178;6;0;1;1588232312285
78;68;0;1;1588232312092
122;56;15;0;1588232312407
125;44;0;1;1588232313098
153;35;0;1;1588232312946
79;18;0;1;1588232311917
54;62;13;0;1588232313433
64;10;0;1;1588232312479
72;58;0;1;1588232312464
6;23;22;0;1588232312435
180;46;53;0;1588232313382
41;29;0;1;1588232312866
37;68;32;0;1588232313058
160;19;0;1;1588232313225
179;60;38;0;1588232312697
86;19;0;1;1588232312607
195;4;13;0;1588232313173
169;2;20;0;1588232313167
22;7;0;1;1588232313409
62;33;22;0;1588232313371
146;73;64;0;1588232313152
45;30;55;0;1588232312758
50;27;32;0;1588232313652
11;15;36;0;1588232313400
142;59;0;1;1588232312565
16;31;0;1;1588232313520
119;65;0;1;1588232313665
42;60;0;1;1588232313548
54;39;56;0;1588232313741
71;26;0;1;1588232313274
65;3;0;1;1588232313036
124;48;0;1;1588232313707
172;69;23;0;1588232314087
159;1;0;1;1588232313696
123;65;0;1;1588232312754
72;60;0;1;1588232312938
156;17;0;1;1588232314009
74;53;0;1;1588232313093
190;63;11;0;1588232314317
146;54;0;1;1588232314134
74;59;8;0;1588232314460
69;43;0;1;1588232313960
70;65;19;0;1588232314026
115;71;0;1;1588232313168
10;16;13;0;1588232314379
175;28;0;1;1588232313473
39;50;0;1;1588232313186
142;22;0;1;1588232313329
198;16;0;1;1588232314470
128;46;45;0;1588232314357
54;40;19;0;1588232314171
74;36;0;1;1588232313741
36;20;0;1;1588232313303
144;36;66;0;1588232314224
185;16;0;1;1588232314172
121;66;0;1;1588232313439
104;73;67;0;1588232314243
138;69;66;0;1588232314749
169;23;16;0;1588232314461
159;23;0;1;1588232313796
9;38;71;0;1588232314736
22;31;53;0;1588232314982
71;73;3;0;1588232314947
115;4;62;0;1588232314879
51;72;49;0;1588232315216
89;2;0;1;1588232313963
181;12;0;1;1588232313686
70;42;0;1;1588232314160
28;43;0;1;1588232314283
145;55;61;0;1588232314566
61;61;73;0;1588232315338
176;31;0;1;1588232314578
130;69;0;1;1588232314400
76;5;0;1;1588232314114
114;54;56;0;1588232315109
145;22;0;1;1588232314615
95;41;52;0;1588232315006
61;63;6;0;1588232314738
92;28;0;1;1588232314429
73;36;0;1;1588232314992
160;28;18;0;1588232314778
106;43;56;0;1588232315066
137;8;37;0;1588232314691
173;10;0;1;1588232315057
98;11;39;0;1588232314642
27;20;0;1;1588232314645
6;61;0;1;1588232315402
184;19;0;1;1588232315265
156;69;53;0;1588232315778
167;33;19;0;1588232315326
48;19;0;1;1588232314995
177;67;0;1;1588232315589
141;12;65;0;1588232315928
185;47;0;1;1588232315508
133;23;0;1;1588232314952
188;34;14;0;1588232315168
0;57;0;1;1588232314825
124;45;0;1;1588232315121
171;10;0;1;1588232315063
195;54;0;1;1588232314882
104;3;21;0;1588232315624
188;66;0;1;1588232315634
104;45;6;0;1588232315349
123;52;0;1;1588232315756
162;33;61;0;1588232315610
129;74;0;1;1588232315063
39;59;67;0;1588232316186
62;2;0;1;1588232314973
28;44;0;1;1588232315311
99;4;0;1;1588232316068
50;3;0;1;1588232315048
174;41;0;1;1588232315429
156;65;0;1;1588232315292
67;39;53;0;1588232315335
147;36;43;0;1588232315873
81;26;71;0;1588232315605
122;44;0;1;1588232316278
94;37;66;0;1588232315642
144;56;0;1;1588232315875
72;58;0;1;1588232315995
155;27;0;1;1588232316517
83;39;20;0;1588232315650
43;39;55;0;1588232316718
184;34;0;1;1588232316667
90;27;71;0;1588232316351
88;12;32;0;1588232316528
31;30;0;1;1588232316284
149;10;0;1;1588232315829
124;46;0;1;1588232316698
23;59;27;0;1588232316603
160;73;31;0;1588232317090
146;44;68;0;1588232316478
50;41;25;0;1588232316311
4;35;0;1;1588232316326
47;71;53;0;1588232316564
102;75;0;1;1588232317091
73;26;12;0;1588232317334
167;24;0;1;1588232316396
50;29;42;0;1588232317197
41;71;30;0;1588232316797
49;47;74;0;1588232316597
99;39;0;1;1588232316924
87;6;0;1;1588232317046
107;25;55;0;1588232317425
147;65;0;1;1588232316722
23;56;0;1;1588232316806
130;56;72;0;1588232317160
22;69;0;1;1588232316966
121;7;0;1;1588232316874
22;67;36;0;1588232316735
165;19;0;1;1588232317442
93;17;0;1;1588232316487
17;52;29;0;1588232316619
94;75;0;1;1588232316449
31;13;72;0;1588232317540
44;39;24;0;1588232317092
36;3;0;1;1588232317421
168;65;48;0;1588232317149
137;18;0;1;1588232317422
177;3;0;1;1588232317528
158;4;62;0;1588232317666
163;57;14;0;1588232317578
160;41;24;0;1588232316940
50;72;0;1;1588232316948
166;14;0;1;1588232316874
183;30;0;1;1588232317465
133;5;22;0;1588232317979
3;73;0;1;1588232317511
76;44;0;1;1588232318023
89;40;52;0;1588232317637
132;68;0;1;1588232316862
56;12;42;0;1588232317338
32;40;0;1;1588232317690
5;73;0;1;1588232317754
22;37;60;0;1588232317232
61;13;0;1;1588232317207
182;45;0;1;1588232317937
47;63;0;1;1588232317685
28;4;68;0;1588232317789
82;72;0;1;1588232317168
101;15;0;1;1588232317174
64;11;0;1;1588232318284
25;9;0;1;1588232317252
198;48;0;1;1588232318380
0;36;0;1;1588232317861
74;40;0;1;1588232318333
23;69;0;1;1588232317758
19;46;69;0;1588232318156
101;24;0;1;1588232317419
166;45;0;1;1588232317851
73;58;0;1;1588232317576
163;59;0;1;1588232318389
128;7;59;0;1588232317948
90;73;18;0;1588232318824
154;71;56;0;1588232318739
16;20;45;0;1588232318218
113;24;31;0;1588232319049
142;60;66;0;1588232318237
8;28;15;0;1588232318164
94;64;41;0;1588232319149
29;37;0;1;1588232318851
91;57;0;1;1588232318228
74;38;53;0;1588232319232
174;11;68;0;1588232318683
124;62;41;0;1588232318866
46;17;0;1;1588232318213
55;11;0;1;1588232317845
180;69;71;0;1588232318252
56;3;0;1;1588232319041
18;75;0;1;1588232318719
171;51;75;0;1588232318658
179;73;0;1;1588232318547
9;69;0;1;1588232318363
72;28;0;1;1588232318104
94;50;68;0;1588232318746
101;53;0;1;1588232318642
124;29;14;0;1588232318647
104;74;56;0;1588232319782
75;13;35;0;1588232319736
64;29;16;0;1588232319522
41;15;0;1;1588232318417
178;50;0;1;1588232319603
80;50;31;0;1588232319704
64;52;0;1;1588232319585
198;24;3;0;1588232318974
166;33;0;1;1588232319293
84;20;0;1;1588232319051
100;67;0;1;1588232318751
122;33;0;1;1588232319241
145;48;2;0;1588232319782
43;9;0;1;1588232319495
50;57;31;0;1588232319284
24;64;0;1;1588232319470
64;10;0;1;1588232319702
47;40;27;0;1588232319343
139;26;0;1;1588232318967
110;15;35;0;1588232320274
86;40;21;0;1588232320432
74;66;0;1;1588232319724
64;63;0;1;1588232319013
2;73;0;1;1588232319127
159;66;70;0;1588232320150
99;19;17;0;1588232320637
109;23;56;0;1588232319564
96;50;0;1;1588232320213
43;61;22;0;1588232319816
157;35;74;0;1588232320724
143;22;11;0;1588232320247
25;73;0;1;1588232319799
177;23;0;1;1588232320137
108;60;2;0;1588232319792
144;18;56;0;1588232319655
188;9;0;1;1588232320556
193;32;0;1;1588232319755
16;71;16;0;1588232319845
107;25;49;0;1588232320920
37;11;0;1;1588232319925
140;34;62;0;1588232319774
13;21;68;0;1588232320404
28;65;0;1;1588232320148
138;70;0;1;1588232320016
173;48;0;1;1588232320040
25;70;0;1;1588232320770
47;48;26;0;1588232320031
24;73;0;1;1588232319901
73;75;0;1;1588232320596
38;40;22;0;1588232321117
3;36;0;1;1588232320786
67;69;0;1;1588232319895
166;18;0;1;1588232320889
104;67;1;0;1588232320755
71;61;0;1;1588232320842
13;39;36;0;1588232320451
62;38;9;0;1588232321226
39;25;41;0;1588232321028
168;20;0;1;1588232321070
128;58;0;1;1588232320990
89;45;0;1;1588232320697
182;9;0;1;1588232320622
95;31;0;1;1588232320772
196;50;62;0;1588232320524
110;12;0;1;1588232321299
41;50;0;1;1588232320662
108;67;25;0;1588232320962
142;62;0;1;1588232321360
185;68;50;0;1588232320910
186;48;0;1;1588232321251
138;1;0;1;1588232321323
25;49;0;1;1588232320862
9;9;0;1;1588232321422
184;29;24;0;1588232321058
165;70;64;0;1588232321258
26;67;0;1;1588232320979
58;42;0;1;1588232320378
48;57;0;1;1588232321478
63;48;0;1;1588232320351
79;73;34;0;1588232320724
52;13;0;1;1588232320519
168;65;7;0;1588232321156
59;28;0;1;1588232321550
24;28;42;0;1588232322002
9;5;0;1;1588232321691
73;25;0;1;1588232321038
193;18;33;0;1588232321362
59;8;45;0;1588232321200
137;24;0;1;1588232321865
123;25;0;1;1588232321992
129;34;0;1;1588232321179
58;55;5;0;1588232322060
189;2;32;0;1588232321446
192;31;0;1;1588232320949
70;30;21;0;1588232322151
102;59;0;1;1588232321974
152;21;0;1;1588232321380
11;22;57;0;1588232321447
21;42;22;0;1588232321316
198;33;72;0;1588232322532
196;55;0;1;1588232321963
22;3;0;1;1588232321782
152;48;0;1;1588232321044
79;22;14;0;1588232321681
141;66;23;0;1588232322034
160;14;62;0;1588232322217
95;31;0;1;1588232322350
184;12;0;1;1588232322034
189;38;52;0;1588232321601
95;33;60;0;1588232322109
102;11;0;1;1588232322041
155;72;26;0;1588232321581
122;53;26;0;1588232322770
56;18;43;0;1588232322033
174;28;0;1;1588232322137
120;59;0;1;1588232322475
107;59;72;0;1588232322302
133;8;0;1;1588232322358
195;16;0;1;1588232321866
92;4;0;1;1588232321679
82;56;53;0;1588232322041
119;52;0;1;1588232322384
108;1;29;0;1588232322463
43;17;0;1;1588232322586
59;40;12;0;1588232322436
97;19;3;0;1588232322143
115;17;7;0;1588232322756
81;50;13;0;1588232322935
163;16;24;0;1588232322413
88;54;24;0;1588232323276
81;56;0;1;1588232322018
164;8;19;0;1588232322326
51;47;31;0;1588232322977
193;14;0;1;1588232322293
151;55;0;1;1588232322620
189;9;0;1;1588232323016
76;20;0;1;1588232322757
152;41;24;0;1588232323437
41;75;15;0;1588232322495
3;55;74;0;1588232322399
43;41;21;0;1588232323266
146;64;0;1;1588232323229
65;47;0;1;1588232322325
126;44;74;0;1588232323610
175;51;63;0;1588232323257
8;63;0;1;1588232322786
171;16;0;1;1588232323457
48;69;0;1;1588232322328
93;53;49;0;1588232323259
99;47;61;0;1588232323336
14;58;0;1;1588232322927
112;69;0;1;1588232323658
38;46;0;1;1588232323177
69;47;41;0;1588232323527
23;55;0;1;1588232322609
122;40;0;1;1588232323067
153;7;0;1;1588232322963
39;31;22;0;1588232323772
120;52;0;1;1588232323553
177;1;0;1;1588232323027
8;23;0;1;1588232322863
41;30;0;1;1588232323355
41;47;0;1;1588232323926
27;3;0;1;1588232323309
186;61;0;1;1588232323134
10;4;27;0;1588232323667
181;65;0;1;1588232323202
182;69;2;0;1588232323957
1;23;22;0;1588232324320
7;16;0;1;1588232323528
129;57;46;0;1588232324465
156;9;0;1;1588232323379
156;59;0;1;1588232323359
60;36;1;0;1588232323497
140;57;0;1;1588232323082
119;60;0;1;1588232324201
24;37;0;1;1588232323610
55;64;0;1;1588232324331
79;23;27;0;1588232324582
85;44;0;1;1588232324118
58;19;0;1;1588232323949
81;72;56;0;1588232324639
167;52;0;1;1588232324359
166;5;3;0;1588232323509
197;1;10;0;1588232324202
147;62;0;1;1588232323400
104;24;0;1;1588232324379
94;11;26;0;1588232324805
119;75;17;0;1588232323841
145;50;0;1;1588232324258
196;37;73;0;1588232324903
59;3;0;1;1588232324320
164;21;0;1;1588232323655
82;67;11;0;1588232324093
195;28;0;1;1588232323413
128;38;0;1;1588232324583
193;16;0;1;1588232324443
72;43;53;0;1588232323963
92;14;29;0;1588232325024
48;5;0;1;1588232324311
72;59;0;1;1588232324080
100;22;0;1;1588232324747
96;52;0;1;1588232324149
0;46;0;1;1588232324764
3;16;25;0;1588232324984
189;62;75;0;1588232324976
22;43;56;0;1588232324958
149;21;67;0;1588232325140
154;71;0;1;1588232324806
99;7;0;1;1588232324780
71;56;0;1;1588232324729
171;41;0;1;1588232325048
94;74;0;1;1588232324806
10;5;48;0;1588232325302
9;20;9;0;1588232324262
162;63;0;1;1588232324501
58;29;0;1;1588232325178
103;35;62;0;1588232325171
167;11;0;1;1588232324587
134;29;16;0;1588232325609
83;3;75;0;1588232325274
88;60;0;1;1588232324496
91;44;63;0;1588232324555
173;6;62;0;1588232325264
187;8;0;1;1588232324748
191;4;0;1;1588232325097
147;9;0;1;1588232324866
136;56;0;1;1588232324695
33;35;1;0;1588232325090
4;17;43;0;1588232325278
164;36;54;0;1588232325309
121;41;0;1;1588232324410
21;2;0;1;1588232325533
62;5;27;0;1588232325357
169;59;0;1;1588232324415
28;62;0;1;1588232325573
26;5;0;1;1588232325195
117;69;55;0;1588232325717
194;33;41;0;1588232325209
46;50;36;0;1588232325061
150;73;0;1;1588232325034
128;18;0;1;1588232325115
180;51;0;1;1588232325479
97;2;0;1;1588232324776
81;68;10;0;1588232325236
150;20;3;0;1588232326103
145;6;52;0;1588232325604
123;30;44;0;1588232325280
151;38;7;0;1588232325192
136;45;0;1;1588232325418
37;68;0;1;1588232325029
72;67;23;0;1588232325774
103;65;0;1;1588232325650
29;37;25;0;1588232325270
195;52;28;0;1588232325393
67;41;0;1;1588232324992
22;32;0;1;1588232326062
20;42;0;1;1588232325981
4;25;24;0;1588232326263
18;10;0;1;1588232325189
12;68;0;1;1588232325637
146;60;72;0;1588232326378
123;40;0;1;1588232325863
7;64;0;1;1588232325917
134;1;0;1;1588232325989
157;24;0;1;1588232325833
172;43;0;1;1588232326316
186;63;3;0;1588232326227
10;55;7;0;1588232326540
137;14;69;0;1588232326704
33;66;68;0;1588232326317
8;8;0;1;1588232325613
134;62;74;0;1588232326212
83;26;0;1;1588232325723
9;39;37;0;1588232326092
33;25;0;1;1588232326232
94;25;0;1;1588232326548
199;10;18;0;1588232326103
17;32;0;1;1588232326436
50;69;0;1;1588232326533
57;16;0;1;1588232326934
30;5;0;1;1588232326561
6;30;47;0;1588232326492
42;59;0;1;1588232326219
38;74;0;1;1588232326763
169;34;0;1;1588232326940
1;49;0;1;1588232326379
120;21;0;1;1588232326851
0;44;2;0;1588232326527
31;41;15;0;1588232326335
45;43;0;1;1588232326361
59;64;22;0;1588232326973
15;16;0;1;1588232326794
39;11;0;1;1588232327202
189;73;0;1;1588232326212
57;75;35;0;1588232326870
172;34;5;0;1588232326850
100;9;0;1;1588232326314
108;23;0;1;1588232326930
104;43;68;0;1588232326888
79;64;0;1;1588232326492
197;34;0;1;1588232326565
30;7;0;1;1588232327040
68;74;0;1;1588232327006
94;20;0;1;1588232326931
10;52;0;1;1588232326799
96;7;0;1;1588232327546
163;18;12;0;1588232327603
50;36;17;0;1588232327682
129;3;31;0;1588232327170
169;1;0;1;1588232326624
39;7;0;1;1588232326478
71;36;16;0;1588232326982
164;57;0;1;1588232326666
154;36;66;0;1588232327143
169;53;41;0;1588232327464
132;50;0;1;1588232327321
165;44;0;1;1588232327425
45;47;0;1;1588232326856
67;72;41;0;1588232327935
15;44;59;0;1588232328268
115;60;48;0;1588232327018
132;2;0;1;1588232327427
10;52;0;1;1588232328005
33;44;0;1;1588232326831
131;74;0;1;1588232327508
116;64;0;1;1588232327490
121;58;0;1;1588232327424
101;35;0;1;1588232327027
142;54;12;0;1588232328453
107;26;0;1;1588232327905
105;20;0;1;1588232327782
143;62;3;0;1588232328276
81;42;0;1;1588232328316
0;6;21;0;1588232328737
157;34;0;1;1588232327193
29;72;0;1;1588232327801
84;11;0;1;1588232328255
138;34;63;0;1588232328555
81;37;0;1;1588232327854
187;8;45;0;1588232327797
190;7;73;0;1588232328713
18;43;0;1;1588232327458
85;20;28;0;1588232327749
139;15;9;0;1588232328000
171;27;0;1;1588232327894
24;7;0;1;1588232328580
90;8;12;0;1588232327843
157;55;0;1;1588232328244
96;67;0;1;1588232327987
148;37;0;1;1588232327574
182;54;0;1;1588232328707
176;7;0;1;1588232328613
71;14;0;1;1588232327990
185;45;5;0;1588232328320
159;50;0;1;1588232327631
148;49;24;0;1588232328108
175;43;27;0;1588232327891
60;26;34;0;1588232328750
101;17;72;0;1588232328543
116;5;35;0;1588232329041
68;40;65;0;1588232328582
196;6;46;0;1588232328645
62;4;61;0;1588232328961
11;26;0;1;1588232328903
21;51;0;1;1588232327927
62;37;0;1;1588232327881
172;55;22;0;1588232329226
60;8;0;1;1588232328123
71;48;14;0;1588232328961
73;39;46;0;1588232328321
96;75;23;0;1588232328468
53;74;66;0;1588232328979
120;70;2;0;1588232328898
28;35;40;0;1588232329474
39;53;0;1;1588232328913
95;28;0;1;1588232328367
81;9;27;0;1588232329564
66;56;38;0;1588232329569
134;42;47;0;1588232328730
102;63;0;1;1588232328613
13;29;0;1;1588232328936
82;53;0;1;1588232329345
194;71;0;1;1588232329550
151;18;0;1;1588232329583
129;46;57;0;1588232328708
66;55;0;1;1588232329140
183;65;61;0;1588232328921
59;45;10;0;1588232329637
139;41;48;0;1588232329808
189;58;75;0;1588232329783
21;26;0;1;1588232329459
97;17;35;0;1588232329717
115;17;16;0;1588232329556
7;55;53;0;1588232329644
161;37;0;1;1588232329736
61;1;0;1;1588232329915
98;49;0;1;1588232329114
197;5;0;1;1588232329928
87;73;30;0;1588232329072
136;70;40;0;1588232329525
66;5;43;0;1588232330373
129;10;0;1;1588232329583
137;67;30;0;1588232329592
40;16;40;0;1588232329263
56;62;0;1;1588232329948
47;36;0;1;1588232329362
187;37;0;1;1588232329638
72;49;68;0;1588232329691
174;2;63;0;1588232330518
69;4;38;0;1588232330196
8;16;33;0;1588232330252
154;18;0;1;1588232329873
5;70;40;0;1588232330259
169;48;0;1;1588232329306
153;40;4;0;1588232330180
165;38;0;1;1588232329601
51;63;0;1;1588232330259
67;59;26;0;1588232329849
13;18;0;1;1588232330310
58;14;19;0;1588232330013
67;73;0;1;1588232330413
65;4;26;0;1588232330970
7;14;0;1;1588232329924
27;12;0;1;1588232329480
