requestUserId;type;contentId;dstUserId;created
5;0;51;64;1588232228582
5;0;28;62;1588232228582
28;1;63;0;1588232228583
18;0;181;56;1588232228583
37;1;82;0;1588232228583
24;1;132;0;1588232228583
36;1;20;0;1588232228583
34;0;16;38;1588232228583
66;1;148;0;1588232228583
32;0;198;50;1588232228583
51;1;93;0;1588232228621
35;1;78;0;1588232228669
31;1;122;0;1588232228716
62;0;183;17;1588232228737
59;1;52;0;1588232228759
68;1;3;0;1588232228764
14;0;170;71;1588232228780
37;0;49;7;1588232228834
8;1;17;0;1588232228840
70;0;81;5;1588232228845
26;1;58;0;1588232228876
24;1;150;0;1588232228884
36;1;111;0;1588232228919
16;1;115;0;1588232228919
26;1;79;0;1588232228931
63;1;67;0;1588232228943
51;1;198;0;1588232228973
51;0;132;62;1588232229036
59;1;47;0;1588232229053
56;1;60;0;1588232229076
1;1;69;0;1588232229085
57;1;40;0;1588232229094
65;0;76;8;1588232229112
6;1;99;0;1588232229158
37;0;87;43;1588232229183
28;1;169;0;1588232229219
43;1;18;0;1588232229227
56;0;68;54;1588232229269
65;0;143;37;1588232229283
49;0;40;70;1588232229289
10;1;83;0;1588232229295
35;1;81;0;1588232229308
52;0;119;70;1588232229364
75;1;0;0;1588232229383
58;0;169;36;1588232229397
54;0;157;57;1588232229446
3;0;171;49;1588232229456
7;0;56;60;1588232229469
36;1;34;0;1588232229509
8;1;157;0;1588232229535
19;0;123;63;1588232229591
12;0;158;25;1588232229609
4;0;119;63;1588232229611
34;1;130;0;1588232229612
13;1;193;0;1588232229682
20;1;172;0;1588232229685
16;0;134;66;1588232229700
55;0;144;31;1588232229707
70;0;177;69;1588232229793
68;1;95;0;1588232229795
1;0;123;13;1588232229831
22;0;147;45;1588232229831
66;1;88;0;1588232229869
55;1;124;0;1588232229885
67;0;137;14;1588232229886
75;0;45;63;1588232229895
11;1;131;0;1588232229900
18;0;183;58;1588232229914
47;1;45;0;1588232229961
19;0;6;29;1588232230030
19;0;57;2;1588232230033
32;0;56;60;1588232230058
24;0;50;29;1588232230081
16;1;65;0;1588232230133
66;1;134;0;1588232230135
65;0;73;31;1588232230161
31;1;177;0;1588232230176
65;1;48;0;1588232230193
72;1;107;0;1588232230199
30;0;131;4;1588232230211
65;0;26;18;1588232230273
47;0;163;28;1588232230359
36;0;52;18;1588232230364
59;0;18;14;1588232230373
39;1;174;0;1588232230393
58;0;131;28;1588232230443
71;1;166;0;1588232230443
31;1;119;0;1588232230457
61;0;45;4;1588232230509
66;1;178;0;1588232230513
21;0;196;74;1588232230541
27;0;140;14;1588232230568
73;1;195;0;1588232230585
75;1;99;0;1588232230585
47;1;71;0;1588232230600
50;0;119;11;1588232230636
25;0;82;14;1588232230665
72;0;95;40;1588232230764
63;1;106;0;1588232230766
39;1;144;0;1588232230778
53;1;0;0;1588232230810
54;1;93;0;1588232230843
74;1;152;0;1588232230843
68;1;72;0;1588232230857
47;1;79;0;1588232230859
11;0;50;51;1588232230879
5;1;96;0;1588232230926
30;0;91;35;1588232230929
26;0;22;19;1588232231012
58;1;145;0;1588232231026
65;0;123;61;1588232231055
60;0;77;72;1588232231070
42;1;119;0;1588232231109
36;0;74;69;1588232231162
41;1;174;0;1588232231182
67;1;167;0;1588232231203
52;1;137;0;1588232231214
49;1;99;0;1588232231227
37;1;21;0;1588232231229
59;1;111;0;1588232231254
7;0;192;21;1588232231262
23;1;86;0;1588232231310
58;1;115;0;1588232231357
41;0;182;15;1588232231357
38;0;134;50;1588232231469
18;0;65;27;1588232231492
73;1;113;0;1588232231504
20;0;170;17;1588232231504
20;1;190;0;1588232231504
12;1;137;0;1588232231584
28;0;117;41;1588232231631
49;0;66;36;1588232231650
11;1;55;0;1588232231658
22;0;132;45;1588232231668
42;1;20;0;1588232231693
29;0;134;46;1588232231763
18;0;105;41;1588232231770
5;0;83;32;1588232231776
66;0;119;33;1588232231791
17;1;56;0;1588232231796
28;1;122;0;1588232231802
55;0;163;9;1588232231843
51;0;155;49;1588232231861
39;1;71;0;1588232231880
12;1;78;0;1588232231941
24;0;140;12;1588232231941
28;0;147;6;1588232231945
5;1;49;0;1588232231980
62;0;36;30;1588232232047
64;0;108;24;1588232232058
44;0;197;47;1588232232065
5;0;8;13;1588232232078
69;1;26;0;1588232232088
37;1;51;0;1588232232212
22;1;10;0;1588232232220
41;1;143;0;1588232232265
35;1;144;0;1588232232299
3;0;168;13;1588232232317
63;0;32;51;1588232232365
53;1;181;0;1588232232371
40;1;76;0;1588232232392
17;0;145;12;1588232232408
50;1;198;0;1588232232435
31;1;174;0;1588232232546
18;0;77;10;1588232232552
47;1;103;0;1588232232560
65;1;28;0;1588232232630
34;1;111;0;1588232232644
18;1;191;0;1588232232682
45;1;162;0;1588232232747
5;1;64;0;1588232232751
56;0;22;44;1588232232751
15;1;194;0;1588232232755
35;0;47;30;1588232232761
50;0;24;69;1588232232767
49;0;17;37;1588232232780
21;1;48;0;1588232232816
30;0;16;42;1588232232818
51;0;41;31;1588232232881
41;1;103;0;1588232232881
37;1;84;0;1588232232992
36;1;81;0;1588232233001
50;0;79;26;1588232233006
4;0;91;31;1588232233028
51;1;75;0;1588232233063
51;1;61;0;1588232233064
48;1;130;0;1588232233068
59;0;63;1;1588232233152
59;0;8;22;1588232233157
11;1;96;0;1588232233186
64;1;177;0;1588232233186
27;0;178;21;1588232233208
73;0;59;1;1588232233242
7;0;103;53;1588232233267
34;0;194;24;1588232233359
27;0;54;52;1588232233363
53;0;76;68;1588232233386
14;1;38;0;1588232233412
9;1;47;0;1588232233459
50;1;47;0;1588232233499
27;1;49;0;1588232233530
9;1;142;0;1588232233560
71;1;109;0;1588232233602
66;0;185;17;1588232233626
7;1;12;0;1588232233651
18;0;25;13;1588232233661
11;1;151;0;1588232233661
40;0;2;17;1588232233706
54;0;140;23;1588232233720
17;1;196;0;1588232233744
50;1;45;0;1588232233757
43;0;87;25;1588232233807
39;0;33;23;1588232233842
47;0;145;19;1588232233872
49;1;62;0;1588232233904
38;0;133;62;1588232233905
35;0;83;47;1588232233946
65;1;47;0;1588232233961
73;1;25;0;1588232233962
60;1;164;0;1588232233992
35;0;192;27;1588232234026
72;0;26;58;1588232234068
27;1;0;0;1588232234115
50;1;128;0;1588232234115
65;1;19;0;1588232234120
62;0;101;32;1588232234128
65;0;111;45;1588232234149
4;0;87;50;1588232234192
42;0;152;58;1588232234230
11;1;125;0;1588232234257
20;1;173;0;1588232234268
63;0;6;22;1588232234269
42;0;154;20;1588232234271
68;1;43;0;1588232234327
14;0;124;56;1588232234353
74;0;180;21;1588232234369
72;1;124;0;1588232234379
68;0;61;42;1588232234388
3;0;55;32;1588232234426
52;0;198;25;1588232234443
17;0;198;50;1588232234488
67;0;153;29;1588232234525
52;0;80;3;1588232234551
3;1;73;0;1588232234568
71;1;190;0;1588232234596
12;0;114;2;1588232234630
44;0;87;62;1588232234654
23;1;183;0;1588232234682
24;0;17;38;1588232234700
75;1;64;0;1588232234746
49;0;168;8;1588232234756
33;0;30;25;1588232234799
74;1;19;0;1588232234821
34;1;160;0;1588232234829
39;1;135;0;1588232234850
47;1;106;0;1588232234871
6;1;170;0;1588232234901
47;1;92;0;1588232234918
45;1;41;0;1588232234927
25;0;133;75;1588232234947
53;0;111;52;1588232234968
18;1;197;0;1588232234980
56;0;156;8;1588232234993
68;0;168;11;1588232235018
60;0;68;70;1588232235054
75;0;41;21;1588232235074
51;1;44;0;1588232235125
27;0;52;7;1588232235158
52;1;60;0;1588232235168
63;1;104;0;1588232235208
45;0;37;53;1588232235236
46;1;143;0;1588232235258
10;0;24;38;1588232235272
65;1;164;0;1588232235297
71;1;113;0;1588232235298
61;1;71;0;1588232235308
48;1;158;0;1588232235348
42;1;75;0;1588232235360
57;0;125;32;1588232235371
47;1;147;0;1588232235371
39;1;143;0;1588232235407
27;1;17;0;1588232235446
7;0;51;68;1588232235472
66;0;37;69;1588232235509
38;1;52;0;1588232235527
72;1;130;0;1588232235559
13;1;176;0;1588232235619
34;1;85;0;1588232235630
13;0;78;22;1588232235700
24;0;26;61;1588232235702
2;1;105;0;1588232235709
38;0;33;20;1588232235720
5;1;166;0;1588232235761
57;1;182;0;1588232235787
38;0;119;15;1588232235793
46;1;82;0;1588232235801
20;1;140;0;1588232235821
5;0;148;19;1588232235855
74;1;117;0;1588232235895
9;1;121;0;1588232235934
27;0;31;54;1588232235979
43;0;12;73;1588232235991
58;1;184;0;1588232236029
64;0;64;56;1588232236059
18;1;154;0;1588232236069
66;0;71;32;1588232236095
71;1;91;0;1588232236143
75;0;87;55;1588232236148
7;0;189;58;1588232236154
38;1;68;0;1588232236179
8;0;111;5;1588232236233
69;0;20;36;1588232236263
22;0;187;34;1588232236282
17;1;190;0;1588232236319
4;1;1;0;1588232236342
21;1;179;0;1588232236373
73;0;71;13;1588232236377
5;0;192;52;1588232236403
44;0;71;56;1588232236438
15;0;186;49;1588232236462
10;0;118;65;1588232236464
17;1;176;0;1588232236542
10;0;172;43;1588232236575
11;1;0;0;1588232236599
58;0;28;35;1588232236606
66;1;184;0;1588232236621
52;0;108;18;1588232236631
43;1;145;0;1588232236637
45;0;60;39;1588232236651
75;1;149;0;1588232236670
17;1;31;0;1588232236714
37;1;23;0;1588232236750
73;0;45;22;1588232236755
72;1;194;0;1588232236766
44;0;102;54;1588232236787
29;1;84;0;1588232236803
50;0;159;35;1588232236810
2;0;107;74;1588232236832
53;0;85;68;1588232236876
4;1;21;0;1588232236883
22;1;4;0;1588232236883
19;1;37;0;1588232236888
41;1;55;0;1588232236904
5;0;188;28;1588232236984
24;0;129;53;1588232237019
21;1;41;0;1588232237030
38;0;90;6;1588232237053
62;0;114;66;1588232237072
49;1;107;0;1588232237079
42;0;48;11;1588232237097
66;1;18;0;1588232237102
71;0;130;20;1588232237154
14;1;28;0;1588232237162
39;0;89;63;1588232237168
50;1;95;0;1588232237207
61;0;124;63;1588232237218
37;1;94;0;1588232237250
23;0;186;15;1588232237292
75;0;122;32;1588232237361
6;0;26;13;1588232237393
26;1;183;0;1588232237393
64;0;37;23;1588232237413
36;0;146;63;1588232237479
56;0;42;64;1588232237492
74;0;126;4;1588232237518
70;1;167;0;1588232237549
55;0;11;52;1588232237556
17;0;50;59;1588232237559
57;0;109;6;1588232237582
22;1;110;0;1588232237592
21;0;76;54;1588232237628
52;1;67;0;1588232237634
58;0;199;54;1588232237651
66;0;181;59;1588232237662
5;0;157;64;1588232237704
30;0;55;26;1588232237778
31;1;60;0;1588232237818
56;1;100;0;1588232237846
74;1;172;0;1588232237861
15;1;2;0;1588232237894
74;1;16;0;1588232237894
32;0;147;50;1588232237921
61;0;92;31;1588232237954
23;1;107;0;1588232237984
15;1;131;0;1588232238003
30;0;74;34;1588232238036
69;0;150;60;1588232238059
5;0;13;72;1588232238079
39;1;155;0;1588232238098
45;0;63;43;1588232238141
32;0;178;74;1588232238154
54;1;120;0;1588232238207
7;0;168;46;1588232238229
18;0;0;60;1588232238237
2;0;138;47;1588232238262
43;0;84;65;1588232238279
64;1;100;0;1588232238295
38;1;192;0;1588232238295
27;1;35;0;1588232238308
1;0;6;60;1588232238335
29;0;78;57;1588232238380
13;0;57;74;1588232238386
44;0;111;71;1588232238426
10;0;45;47;1588232238430
73;0;21;46;1588232238484
12;0;155;43;1588232238493
75;1;159;0;1588232238536
12;0;46;20;1588232238583
21;1;195;0;1588232238624
32;1;117;0;1588232238656
20;0;177;60;1588232238684
17;1;198;0;1588232238711
65;0;195;66;1588232238777
61;0;0;16;1588232238846
49;1;26;0;1588232238864
48;0;50;50;1588232238868
15;1;56;0;1588232238894
29;1;121;0;1588232238921
18;1;61;0;1588232238932
7;1;115;0;1588232239017
70;0;124;2;1588232239023
41;0;189;57;1588232239052
1;0;179;3;1588232239061
58;0;112;75;1588232239061
60;1;100;0;1588232239077
15;0;6;31;1588232239080
18;1;80;0;1588232239111
55;0;66;33;1588232239119
28;1;188;0;1588232239148
48;0;95;21;1588232239192
55;0;82;13;1588232239210
47;1;1;0;1588232239210
1;1;194;0;1588232239249
31;0;132;75;1588232239268
68;1;55;0;1588232239296
25;0;162;19;1588232239296
67;1;63;0;1588232239350
5;1;11;0;1588232239456
27;0;76;2;1588232239483
73;1;34;0;1588232239519
50;1;31;0;1588232239519
71;0;83;18;1588232239524
59;1;78;0;1588232239531
8;1;162;0;1588232239531
16;1;156;0;1588232239553
21;0;172;57;1588232239570
73;1;25;0;1588232239571
52;1;6;0;1588232239588
32;1;143;0;1588232239613
13;0;116;9;1588232239627
75;1;117;0;1588232239667
48;1;71;0;1588232239669
47;1;89;0;1588232239675
50;0;61;24;1588232239713
25;1;127;0;1588232239786
40;0;66;10;1588232239789
49;1;74;0;1588232239798
44;0;153;60;1588232239842
34;1;62;0;1588232239849
58;0;31;47;1588232239857
23;0;100;53;1588232239857
34;0;78;39;1588232239860
73;1;121;0;1588232239906
30;1;28;0;1588232239983
67;0;82;26;1588232239994
33;1;24;0;1588232240019
57;0;179;68;1588232240028
63;0;163;13;1588232240051
16;0;69;61;1588232240114
7;1;3;0;1588232240127
72;1;181;0;1588232240144
2;1;140;0;1588232240206
33;0;85;30;1588232240277
63;0;140;39;1588232240287
19;0;160;25;1588232240294
61;1;186;0;1588232240313
30;0;83;55;1588232240325
75;0;49;69;1588232240346
69;0;39;52;1588232240364
47;1;84;0;1588232240419
58;1;2;0;1588232240440
20;0;114;34;1588232240440
64;1;195;0;1588232240445
57;1;88;0;1588232240463
51;1;60;0;1588232240481
17;0;39;16;1588232240481
32;0;45;13;1588232240483
8;0;15;17;1588232240499
15;0;186;36;1588232240569
27;0;11;62;1588232240613
60;0;105;13;1588232240621
31;1;130;0;1588232240630
61;0;74;4;1588232240682
53;1;175;0;1588232240692
66;1;164;0;1588232240756
9;1;18;0;1588232240796
35;0;72;65;1588232240833
23;1;122;0;1588232240846
62;0;80;21;1588232240862
36;0;145;28;1588232240877
25;1;152;0;1588232240904
15;0;197;64;1588232240924
52;0;84;60;1588232240927
51;1;66;0;1588232240953
43;0;119;52;1588232240961
25;1;48;0;1588232240982
20;1;16;0;1588232240994
1;0;164;19;1588232241019
63;0;110;16;1588232241062
56;0;153;72;1588232241089
57;1;102;0;1588232241101
36;0;22;47;1588232241171
8;0;157;66;1588232241204
65;1;157;0;1588232241210
34;1;38;0;1588232241222
55;0;32;36;1588232241312
19;1;95;0;1588232241346
39;0;199;46;1588232241416
7;0;54;55;1588232241429
45;0;189;11;1588232241438
26;1;100;0;1588232241438
61;1;129;0;1588232241442
35;1;185;0;1588232241450
42;0;141;67;1588232241456
48;0;85;64;1588232241485
6;1;63;0;1588232241496
2;1;29;0;1588232241507
3;1;182;0;1588232241519
23;1;59;0;1588232241605
13;0;77;5;1588232241606
17;0;118;4;1588232241646
12;1;56;0;1588232241680
28;0;18;40;1588232241690
6;0;43;71;1588232241690
30;1;69;0;1588232241709
54;1;146;0;1588232241795
12;1;48;0;1588232241815
33;1;136;0;1588232241836
17;0;95;34;1588232241870
66;0;74;54;1588232241890
10;0;129;40;1588232241924
24;0;194;9;1588232241928
49;0;18;29;1588232241944
34;0;71;41;1588232241977
5;1;35;0;1588232241984
61;1;66;0;1588232242003
43;1;11;0;1588232242031
10;0;106;46;1588232242077
14;0;85;37;1588232242108
65;0;23;9;1588232242145
18;1;35;0;1588232242185
72;1;4;0;1588232242208
48;1;98;0;1588232242219
73;1;47;0;1588232242268
53;0;14;59;1588232242283
41;1;140;0;1588232242287
4;0;39;67;1588232242334
62;0;71;22;1588232242369
9;0;6;16;1588232242404
50;0;23;34;1588232242420
67;1;173;0;1588232242469
48;0;24;29;1588232242483
58;1;117;0;1588232242508
10;0;21;63;1588232242511
61;0;74;17;1588232242601
60;1;63;0;1588232242619
60;1;29;0;1588232242641
22;1;38;0;1588232242657
61;0;146;53;1588232242657
9;1;181;0;1588232242692
62;1;147;0;1588232242699
60;1;194;0;1588232242727
2;0;19;3;1588232242730
40;1;142;0;1588232242732
70;0;187;48;1588232242736
29;1;19;0;1588232242736
38;0;45;55;1588232242792
12;1;114;0;1588232242794
48;1;98;0;1588232242807
71;1;57;0;1588232242831
23;1;170;0;1588232242874
73;0;30;18;1588232242941
36;1;176;0;1588232242975
46;1;64;0;1588232242992
9;0;97;72;1588232243025
42;1;86;0;1588232243042
40;1;91;0;1588232243044
54;1;67;0;1588232243065
14;1;171;0;1588232243071
43;1;147;0;1588232243127
14;0;82;60;1588232243131
70;0;27;28;1588232243134
63;0;175;75;1588232243148
29;0;146;26;1588232243182
37;1;164;0;1588232243214
30;0;55;65;1588232243242
49;0;184;68;1588232243253
54;0;197;68;1588232243269
40;1;7;0;1588232243283
8;1;114;0;1588232243325
74;1;180;0;1588232243337
56;1;173;0;1588232243412
60;1;192;0;1588232243427
23;0;146;47;1588232243443
64;1;75;0;1588232243501
24;0;17;73;1588232243546
66;0;11;18;1588232243582
1;1;182;0;1588232243592
5;1;141;0;1588232243595
35;1;85;0;1588232243603
13;0;136;17;1588232243647
65;1;54;0;1588232243680
65;1;194;0;1588232243682
13;1;64;0;1588232243772
60;0;184;32;1588232243777
29;0;82;52;1588232243807
61;0;82;27;1588232243813
56;1;47;0;1588232243885
3;1;28;0;1588232243911
28;1;47;0;1588232243966
53;1;87;0;1588232244006
64;1;189;0;1588232244006
3;0;144;29;1588232244027
22;0;189;23;1588232244031
17;1;139;0;1588232244044
68;0;55;5;1588232244071
53;1;62;0;1588232244113
64;1;45;0;1588232244149
63;0;16;6;1588232244171
43;0;54;72;1588232244188
48;1;40;0;1588232244216
30;1;131;0;1588232244231
9;0;53;56;1588232244258
20;1;113;0;1588232244262
14;0;130;13;1588232244281
28;1;71;0;1588232244292
62;0;58;3;1588232244292
63;0;108;20;1588232244323
22;0;139;59;1588232244360
19;1;104;0;1588232244371
22;0;83;49;1588232244409
37;1;8;0;1588232244436
7;0;139;45;1588232244442
55;0;63;42;1588232244507
67;0;2;58;1588232244531
7;0;4;34;1588232244578
38;1;195;0;1588232244592
19;0;118;39;1588232244602
2;1;186;0;1588232244626
42;1;183;0;1588232244707
61;1;66;0;1588232244708
65;0;75;14;1588232244737
70;1;182;0;1588232244759
59;0;164;40;1588232244780
18;1;142;0;1588232244788
74;1;47;0;1588232244862
48;1;26;0;1588232244875
71;1;25;0;1588232244904
52;1;173;0;1588232244914
75;0;93;45;1588232244952
5;1;71;0;1588232244965
54;0;56;74;1588232245057
64;0;160;5;1588232245139
5;0;187;17;1588232245148
31;0;66;71;1588232245199
72;0;20;15;1588232245220
36;0;156;42;1588232245226
73;1;175;0;1588232245244
26;1;186;0;1588232245254
10;1;148;0;1588232245367
14;0;161;2;1588232245370
40;1;183;0;1588232245379
15;1;72;0;1588232245398
10;1;49;0;1588232245404
70;0;89;27;1588232245427
22;1;120;0;1588232245445
17;1;38;0;1588232245464
73;0;123;48;1588232245497
26;1;4;0;1588232245526
18;1;64;0;1588232245606
13;1;16;0;1588232245621
61;0;161;64;1588232245621
13;0;143;74;1588232245621
53;1;96;0;1588232245643
12;1;62;0;1588232245648
34;1;195;0;1588232245692
68;1;140;0;1588232245726
11;1;119;0;1588232245778
70;1;111;0;1588232245781
14;1;93;0;1588232245831
8;1;134;0;1588232245837
67;1;3;0;1588232245870
13;1;39;0;1588232245886
70;1;8;0;1588232245904
62;1;121;0;1588232245942
41;1;18;0;1588232245960
24;0;59;53;1588232245964
47;0;85;61;1588232245966
62;1;25;0;1588232245966
63;0;21;54;1588232245979
14;0;101;42;1588232246027
31;0;17;8;1588232246078
34;0;198;70;1588232246081
71;1;146;0;1588232246084
1;0;144;60;1588232246130
16;0;27;19;1588232246132
73;0;20;47;1588232246151
3;1;44;0;1588232246187
5;1;22;0;1588232246187
2;1;180;0;1588232246198
73;0;93;61;1588232246211
41;1;139;0;1588232246230
19;1;26;0;1588232246253
14;1;161;0;1588232246261
4;1;171;0;1588232246291
53;0;103;58;1588232246358
37;1;126;0;1588232246389
60;1;45;0;1588232246392
18;1;81;0;1588232246475
75;1;101;0;1588232246497
6;1;5;0;1588232246503
47;0;28;2;1588232246503
31;1;2;0;1588232246508
33;0;41;1;1588232246557
67;0;151;48;1588232246570
16;1;158;0;1588232246572
73;0;188;55;1588232246576
32;0;179;38;1588232246591
59;1;173;0;1588232246652
68;1;152;0;1588232246654
4;1;77;0;1588232246688
22;0;54;72;1588232246750
53;0;183;1;1588232246751
7;0;22;36;1588232246763
49;1;116;0;1588232246777
59;1;85;0;1588232246784
28;1;174;0;1588232246792
74;1;151;0;1588232246870
18;0;60;68;1588232246887
61;1;129;0;1588232246911
72;1;22;0;1588232246931
44;0;50;68;1588232246935
5;1;99;0;1588232247009
59;1;43;0;1588232247009
7;1;61;0;1588232247020
41;1;19;0;1588232247021
48;0;31;36;1588232247041
70;1;189;0;1588232247062
13;0;33;12;1588232247071
14;1;91;0;1588232247073
55;0;172;7;1588232247095
32;0;13;16;1588232247100
39;0;7;66;1588232247115
31;1;84;0;1588232247121
1;1;108;0;1588232247123
7;0;194;12;1588232247136
8;0;163;58;1588232247136
67;0;33;38;1588232247193
69;1;112;0;1588232247199
75;1;92;0;1588232247204
18;0;46;12;1588232247220
7;1;13;0;1588232247270
46;0;125;63;1588232247298
57;0;33;27;1588232247313
15;1;156;0;1588232247327
30;0;175;47;1588232247342
51;1;196;0;1588232247381
23;1;29;0;1588232247409
61;0;37;29;1588232247493
3;1;93;0;1588232247513
36;1;126;0;1588232247546
21;0;142;42;1588232247564
60;1;94;0;1588232247564
13;1;71;0;1588232247592
18;0;15;59;1588232247663
61;0;7;16;1588232247696
46;0;60;48;1588232247726
34;0;172;2;1588232247758
73;1;189;0;1588232247778
36;0;147;71;1588232247815
30;1;183;0;1588232247859
10;0;154;40;1588232247948
10;0;177;8;1588232247965
29;1;88;0;1588232247985
3;1;133;0;1588232247996
52;1;78;0;1588232248027
73;1;89;0;1588232248054
12;1;48;0;1588232248071
15;0;143;29;1588232248107
29;1;90;0;1588232248130
17;0;142;65;1588232248137
6;0;86;38;1588232248142
53;0;167;19;1588232248151
17;1;97;0;1588232248171
32;1;94;0;1588232248171
35;0;23;45;1588232248181
32;1;45;0;1588232248190
46;0;180;71;1588232248215
62;1;104;0;1588232248309
53;0;73;11;1588232248322
66;1;41;0;1588232248345
48;0;106;29;1588232248434
40;1;74;0;1588232248493
71;1;192;0;1588232248495
57;1;102;0;1588232248505
29;1;81;0;1588232248540
38;0;34;52;1588232248552
72;0;193;5;1588232248581
27;0;0;45;1588232248584
20;0;198;44;1588232248584
16;0;35;56;1588232248602
2;1;126;0;1588232248612
49;0;91;19;1588232248704
24;1;150;0;1588232248748
75;1;116;0;1588232248832
13;0;44;37;1588232248835
22;0;124;58;1588232248846
73;0;115;49;1588232248854
25;1;0;0;1588232248871
5;0;166;15;1588232248908
66;1;111;0;1588232248941
44;0;161;6;1588232248941
12;1;164;0;1588232248942
29;1;175;0;1588232248952
28;1;8;0;1588232248962
69;0;125;37;1588232248994
31;1;134;0;1588232249047
13;0;119;18;1588232249081
42;1;187;0;1588232249086
68;0;133;65;1588232249126
5;1;121;0;1588232249180
59;1;34;0;1588232249183
54;1;27;0;1588232249193
5;1;11;0;1588232249240
3;1;172;0;1588232249242
66;1;176;0;1588232249245
62;1;31;0;1588232249247
18;1;22;0;1588232249271
55;1;174;0;1588232249286
59;0;88;28;1588232249290
8;1;159;0;1588232249296
55;0;59;37;1588232249297
60;0;182;21;1588232249321
67;1;111;0;1588232249353
58;0;55;64;1588232249367
1;1;133;0;1588232249400
68;1;32;0;1588232249443
1;0;125;54;1588232249492
53;0;80;35;1588232249537
35;0;40;54;1588232249565
20;1;9;0;1588232249579
72;1;76;0;1588232249591
28;1;24;0;1588232249640
5;0;2;39;1588232249659
42;1;103;0;1588232249663
22;1;151;0;1588232249691
41;0;105;14;1588232249692
31;0;85;49;1588232249703
9;1;9;0;1588232249753
69;0;3;42;1588232249761
3;0;128;55;1588232249772
33;1;178;0;1588232249831
1;1;1;0;1588232249839
51;1;94;0;1588232249839
39;0;195;38;1588232249899
61;0;152;68;1588232249919
5;1;113;0;1588232249945
39;1;50;0;1588232249954
56;0;158;42;1588232249992
64;0;153;8;1588232250034
19;0;32;2;1588232250060
19;0;9;69;1588232250063
47;1;92;0;1588232250068
43;0;106;44;1588232250071
64;0;66;52;1588232250090
17;0;191;2;1588232250114
50;1;120;0;1588232250121
22;1;64;0;1588232250127
34;0;124;9;1588232250183
56;1;179;0;1588232250245
10;0;11;68;1588232250289
73;1;160;0;1588232250314
39;0;76;57;1588232250357
48;0;10;75;1588232250379
19;1;48;0;1588232250428
34;0;95;43;1588232250464
36;0;180;57;1588232250479
2;1;8;0;1588232250501
68;1;115;0;1588232250564
58;1;170;0;1588232250571
31;1;129;0;1588232250582
37;0;59;51;1588232250582
23;1;163;0;1588232250600
41;0;131;15;1588232250616
52;0;5;7;1588232250636
13;1;1;0;1588232250646
29;1;63;0;1588232250667
58;1;46;0;1588232250736
54;1;56;0;1588232250760
67;1;155;0;1588232250784
24;1;84;0;1588232250803
69;1;183;0;1588232250806
37;0;149;39;1588232250836
15;1;75;0;1588232250845
65;0;51;73;1588232250852
67;0;81;62;1588232250854
55;1;186;0;1588232250902
1;1;151;0;1588232251035
8;1;68;0;1588232251059
17;1;143;0;1588232251075
25;0;90;22;1588232251106
23;0;18;53;1588232251111
33;0;84;54;1588232251160
15;1;184;0;1588232251171
44;0;120;59;1588232251206
58;0;85;49;1588232251229
6;1;35;0;1588232251245
16;0;111;32;1588232251245
49;0;86;53;1588232251253
9;1;90;0;1588232251283
38;0;57;11;1588232251325
67;1;90;0;1588232251345
35;0;179;60;1588232251346
43;0;198;28;1588232251386
46;0;142;23;1588232251485
51;0;147;64;1588232251495
33;1;188;0;1588232251523
64;1;169;0;1588232251560
13;0;42;56;1588232251571
16;0;184;75;1588232251592
24;0;64;29;1588232251605
72;0;50;69;1588232251622
59;1;147;0;1588232251631
69;1;169;0;1588232251651
47;1;14;0;1588232251692
60;1;114;0;1588232251705
14;1;173;0;1588232251726
67;1;103;0;1588232251772
13;0;52;57;1588232251799
68;0;53;46;1588232251905
57;0;148;45;1588232251922
40;1;23;0;1588232251944
73;0;167;59;1588232251951
53;1;57;0;1588232251972
51;0;159;5;1588232251977
41;1;179;0;1588232251992
72;0;137;11;1588232252000
2;0;179;31;1588232252036
67;1;25;0;1588232252081
44;0;197;38;1588232252081
53;0;110;63;1588232252129
30;1;154;0;1588232252168
70;1;151;0;1588232252185
50;0;4;41;1588232252293
3;1;182;0;1588232252347
11;0;195;56;1588232252353
68;0;96;30;1588232252353
19;0;173;75;1588232252418
34;0;56;57;1588232252442
48;1;75;0;1588232252456
24;0;112;48;1588232252460
52;0;115;3;1588232252477
20;1;72;0;1588232252493
74;1;128;0;1588232252504
47;0;149;62;1588232252506
23;1;0;0;1588232252527
53;0;168;64;1588232252529
15;1;114;0;1588232252530
33;1;174;0;1588232252596
37;0;154;16;1588232252597
46;0;110;65;1588232252650
61;0;105;1;1588232252670
49;0;51;54;1588232252713
68;1;169;0;1588232252739
64;0;113;3;1588232252742
24;0;153;11;1588232252764
58;0;149;8;1588232252794
14;0;54;24;1588232252812
46;0;148;28;1588232252822
26;0;151;59;1588232252871
7;0;20;70;1588232252891
8;0;163;48;1588232252894
60;0;125;23;1588232252924
21;0;72;57;1588232252943
40;0;153;43;1588232252953
38;0;103;18;1588232252978
52;0;119;16;1588232252986
65;1;112;0;1588232253029
5;1;15;0;1588232253046
7;1;174;0;1588232253048
48;1;106;0;1588232253076
30;1;131;0;1588232253085
34;1;68;0;1588232253124
36;0;157;28;1588232253182
68;0;48;51;1588232253213
75;1;175;0;1588232253251
63;0;71;49;1588232253254
68;0;58;8;1588232253295
55;1;48;0;1588232253303
55;1;181;0;1588232253342
32;0;118;62;1588232253359
15;0;46;37;1588232253451
47;1;54;0;1588232253469
16;1;140;0;1588232253499
72;0;40;3;1588232253530
37;0;1;62;1588232253564
59;1;127;0;1588232253630
66;0;73;67;1588232253654
62;1;160;0;1588232253667
37;0;70;2;1588232253704
15;1;40;0;1588232253704
52;1;17;0;1588232253731
31;1;113;0;1588232253744
42;0;2;30;1588232253781
44;1;186;0;1588232253811
52;0;29;6;1588232253822
30;1;17;0;1588232253842
13;1;0;0;1588232253847
2;0;172;73;1588232253914
62;1;79;0;1588232253965
3;1;20;0;1588232253978
75;0;24;7;1588232253979
2;1;140;0;1588232254058
48;1;88;0;1588232254103
20;0;8;9;1588232254121
28;1;129;0;1588232254121
9;0;89;40;1588232254192
27;0;60;44;1588232254213
64;1;108;0;1588232254216
17;1;121;0;1588232254229
45;1;62;0;1588232254242
61;1;140;0;1588232254253
75;0;28;34;1588232254271
39;1;112;0;1588232254292
48;1;18;0;1588232254343
57;0;150;50;1588232254422
34;0;174;10;1588232254427
2;0;142;7;1588232254430
75;1;78;0;1588232254452
70;1;133;0;1588232254464
70;0;175;19;1588232254497
63;1;65;0;1588232254587
40;0;164;8;1588232254627
61;1;155;0;1588232254635
37;0;190;52;1588232254696
21;0;66;62;1588232254708
29;0;186;64;1588232254721
51;0;90;14;1588232254726
26;1;166;0;1588232254760
38;1;103;0;1588232254856
25;1;129;0;1588232254859
4;0;77;37;1588232254904
32;0;144;66;1588232254912
30;1;91;0;1588232254929
67;0;162;1;1588232254952
2;0;183;11;1588232254992
53;1;103;0;1588232255041
54;0;165;20;1588232255041
26;0;18;27;1588232255081
12;1;55;0;1588232255092
73;1;84;0;1588232255122
58;0;103;71;1588232255128
1;0;160;8;1588232255165
71;1;189;0;1588232255176
22;1;110;0;1588232255182
72;1;122;0;1588232255190
34;1;108;0;1588232255190
6;0;43;55;1588232255204
22;1;67;0;1588232255226
44;0;54;22;1588232255231
4;0;38;26;1588232255245
70;0;143;57;1588232255245
36;1;96;0;1588232255307
40;0;163;26;1588232255314
69;1;171;0;1588232255321
52;0;9;18;1588232255328
70;1;92;0;1588232255370
26;1;36;0;1588232255442
25;0;56;35;1588232255550
39;1;185;0;1588232255561
66;1;185;0;1588232255579
69;1;79;0;1588232255600
61;1;25;0;1588232255635
35;0;126;44;1588232255642
48;1;45;0;1588232255672
58;1;64;0;1588232255679
41;0;172;67;1588232255752
62;1;84;0;1588232255754
31;1;182;0;1588232255792
5;1;122;0;1588232255793
28;1;57;0;1588232255835
17;1;176;0;1588232255842
59;0;160;24;1588232255848
18;0;113;32;1588232255868
47;1;198;0;1588232255898
73;0;26;32;1588232255898
7;1;99;0;1588232255952
29;0;122;34;1588232256006
14;1;175;0;1588232256006
42;0;167;10;1588232256015
48;0;39;33;1588232256032
27;1;117;0;1588232256054
7;1;186;0;1588232256076
54;1;82;0;1588232256082
74;0;56;16;1588232256121
75;0;157;63;1588232256147
66;1;198;0;1588232256157
3;0;24;70;1588232256167
29;1;7;0;1588232256187
7;0;61;10;1588232256208
54;0;101;20;1588232256220
23;0;180;46;1588232256223
60;1;75;0;1588232256238
38;1;130;0;1588232256261
56;1;171;0;1588232256270
61;1;122;0;1588232256287
1;1;124;0;1588232256338
64;0;94;4;1588232256357
55;0;41;64;1588232256540
63;0;112;40;1588232256549
40;1;198;0;1588232256592
25;0;87;9;1588232256609
50;1;93;0;1588232256612
12;1;49;0;1588232256626
59;1;122;0;1588232256632
56;1;66;0;1588232256652
21;0;182;1;1588232256652
71;0;50;9;1588232256693
48;1;93;0;1588232256693
9;1;3;0;1588232256693
72;1;172;0;1588232256748
18;1;6;0;1588232256787
3;1;24;0;1588232256828
65;0;78;56;1588232256833
67;0;33;28;1588232256903
66;0;134;28;1588232256913
44;1;77;0;1588232256919
71;0;141;57;1588232256955
22;0;55;71;1588232256962
68;0;177;44;1588232256994
25;0;114;16;1588232257030
40;0;163;41;1588232257046
38;1;67;0;1588232257058
56;1;54;0;1588232257107
53;0;107;30;1588232257114
15;1;34;0;1588232257131
53;1;139;0;1588232257131
3;0;47;19;1588232257194
43;0;192;49;1588232257230
31;1;137;0;1588232257233
58;0;191;41;1588232257261
46;0;72;61;1588232257268
42;0;18;39;1588232257273
10;0;69;15;1588232257283
12;0;31;35;1588232257332
61;0;21;7;1588232257382
15;1;57;0;1588232257427
7;1;129;0;1588232257429
15;1;11;0;1588232257442
43;0;166;73;1588232257442
74;1;8;0;1588232257452
36;1;75;0;1588232257494
11;0;142;64;1588232257526
35;1;158;0;1588232257563
58;1;173;0;1588232257595
5;0;8;42;1588232257644
47;0;168;38;1588232257673
34;1;170;0;1588232257694
43;1;88;0;1588232257707
3;1;92;0;1588232257718
71;1;26;0;1588232257737
64;0;89;66;1588232257766
55;1;89;0;1588232257766
62;1;23;0;1588232257782
22;0;38;57;1588232257787
71;1;133;0;1588232257804
47;1;6;0;1588232257810
30;1;82;0;1588232257813
19;1;24;0;1588232257853
60;0;139;49;1588232257865
8;1;67;0;1588232257870
49;0;173;35;1588232257942
12;0;76;3;1588232257969
65;0;102;66;1588232257976
75;1;28;0;1588232257976
70;1;33;0;1588232258026
57;0;115;13;1588232258053
71;1;69;0;1588232258078
49;0;199;63;1588232258106
13;1;94;0;1588232258170
68;0;56;43;1588232258187
8;0;170;48;1588232258230
15;0;23;8;1588232258254
37;0;26;50;1588232258285
14;1;189;0;1588232258287
7;0;58;60;1588232258287
31;0;141;74;1588232258293
13;0;145;56;1588232258298
61;1;187;0;1588232258376
52;1;92;0;1588232258407
42;0;158;71;1588232258443
66;0;187;34;1588232258492
26;0;173;20;1588232258530
28;0;59;3;1588232258547
16;1;181;0;1588232258553
8;1;47;0;1588232258570
55;1;111;0;1588232258570
55;1;42;0;1588232258592
50;0;117;74;1588232258662
68;1;141;0;1588232258668
48;0;107;22;1588232258693
29;1;87;0;1588232258699
9;0;176;23;1588232258710
65;0;63;47;1588232258752
41;0;42;44;1588232258758
49;0;80;41;1588232258789
1;1;160;0;1588232258802
64;0;141;15;1588232258815
69;1;79;0;1588232258837
36;0;138;7;1588232258886
58;1;87;0;1588232258911
6;1;165;0;1588232258912
29;1;97;0;1588232258929
45;1;180;0;1588232258967
23;0;188;34;1588232258982
46;1;34;0;1588232259008
15;0;115;17;1588232259069
63;1;182;0;1588232259081
65;1;59;0;1588232259092
40;0;158;6;1588232259138
2;0;2;39;1588232259188
5;0;18;66;1588232259195
36;1;113;0;1588232259212
7;0;101;22;1588232259241
29;1;10;0;1588232259285
6;1;40;0;1588232259313
4;1;6;0;1588232259313
66;0;8;51;1588232259403
55;0;162;10;1588232259412
32;1;81;0;1588232259423
11;0;173;51;1588232259459
58;0;42;57;1588232259473
59;0;133;63;1588232259478
64;0;114;33;1588232259480
66;0;30;30;1588232259483
16;0;62;7;1588232259561
58;1;139;0;1588232259583
4;0;191;73;1588232259608
63;1;132;0;1588232259653
75;1;154;0;1588232259747
61;1;159;0;1588232259786
18;1;129;0;1588232259798
12;1;137;0;1588232259815
58;0;180;54;1588232259826
36;1;41;0;1588232259883
46;0;62;8;1588232259895
49;0;39;20;1588232259923
66;1;21;0;1588232259928
24;0;64;4;1588232259952
33;1;177;0;1588232259967
24;1;193;0;1588232259970
47;0;69;4;1588232260085
20;0;161;70;1588232260097
49;1;103;0;1588232260126
21;0;59;52;1588232260157
5;0;150;62;1588232260248
40;0;187;70;1588232260248
40;1;94;0;1588232260248
33;1;137;0;1588232260260
23;1;78;0;1588232260261
42;0;16;57;1588232260271
72;0;83;70;1588232260311
20;1;104;0;1588232260348
24;0;177;41;1588232260348
34;1;27;0;1588232260360
11;1;33;0;1588232260381
53;1;134;0;1588232260408
6;1;134;0;1588232260455
7;0;8;30;1588232260470
24;1;183;0;1588232260486
30;1;86;0;1588232260498
8;1;69;0;1588232260550
35;0;146;16;1588232260584
45;0;44;28;1588232260609
67;0;119;2;1588232260609
72;0;54;59;1588232260654
52;1;48;0;1588232260660
2;0;120;11;1588232260742
72;1;57;0;1588232260776
61;0;164;28;1588232260797
9;1;129;0;1588232260802
10;0;27;57;1588232260819
33;1;188;0;1588232260846
11;1;9;0;1588232260885
2;0;181;29;1588232260900
40;0;65;23;1588232260918
63;0;190;59;1588232260999
44;1;181;0;1588232261000
21;0;87;9;1588232261000
46;1;89;0;1588232261015
3;1;43;0;1588232261042
75;0;135;74;1588232261056
48;1;126;0;1588232261118
45;0;166;24;1588232261168
23;1;184;0;1588232261174
37;1;25;0;1588232261199
12;1;150;0;1588232261220
32;0;167;5;1588232261223
59;1;8;0;1588232261250
37;0;189;53;1588232261276
19;0;192;58;1588232261288
63;1;64;0;1588232261293
49;1;58;0;1588232261341
1;0;3;60;1588232261402
32;0;48;72;1588232261432
12;1;197;0;1588232261443
64;0;144;32;1588232261466
47;0;197;75;1588232261482
59;1;175;0;1588232261492
55;1;22;0;1588232261572
6;0;188;70;1588232261598
13;0;101;73;1588232261642
16;0;166;2;1588232261684
24;1;92;0;1588232261689
5;1;55;0;1588232261692
55;0;57;18;1588232261705
59;0;69;55;1588232261724
1;0;13;43;1588232261739
50;1;70;0;1588232261822
67;0;170;29;1588232261830
16;0;29;10;1588232261853
71;1;47;0;1588232261856
49;1;26;0;1588232261861
19;0;157;20;1588232261908
41;1;71;0;1588232261926
39;0;7;7;1588232261953
50;0;73;25;1588232261958
18;0;102;67;1588232261966
73;1;117;0;1588232262023
58;1;140;0;1588232262046
48;1;86;0;1588232262046
66;1;109;0;1588232262107
58;1;31;0;1588232262115
28;0;136;35;1588232262169
71;0;36;16;1588232262183
59;0;152;5;1588232262208
27;1;118;0;1588232262243
13;1;179;0;1588232262314
34;1;32;0;1588232262355
30;0;24;44;1588232262406
65;0;39;42;1588232262417
45;0;104;55;1588232262436
4;1;94;0;1588232262442
39;0;164;19;1588232262442
45;1;9;0;1588232262461
35;1;41;0;1588232262465
48;1;49;0;1588232262542
27;1;57;0;1588232262610
64;0;179;39;1588232262661
14;0;18;31;1588232262683
40;0;179;27;1588232262764
61;0;48;55;1588232262766
59;1;103;0;1588232262812
14;0;97;73;1588232262813
37;0;49;33;1588232262831
30;0;121;33;1588232262840
66;1;70;0;1588232262840
12;0;32;9;1588232262847
30;0;14;57;1588232262847
48;1;5;0;1588232262855
73;1;133;0;1588232262864
23;1;187;0;1588232262903
58;0;88;63;1588232262919
56;1;20;0;1588232262934
6;0;116;49;1588232262946
67;0;192;74;1588232262968
6;0;145;27;1588232262989
17;1;142;0;1588232263012
20;0;151;41;1588232263029
70;0;30;61;1588232263054
71;0;83;58;1588232263078
36;0;87;44;1588232263123
21;0;171;28;1588232263193
3;0;143;57;1588232263217
2;1;157;0;1588232263217
6;1;47;0;1588232263273
42;1;147;0;1588232263302
38;1;11;0;1588232263344
71;1;123;0;1588232263357
73;0;193;51;1588232263367
5;0;129;4;1588232263409
70;0;77;22;1588232263415
8;1;148;0;1588232263425
30;0;178;42;1588232263426
32;0;107;60;1588232263467
23;1;198;0;1588232263476
23;1;21;0;1588232263482
64;0;9;52;1588232263517
58;1;191;0;1588232263545
31;1;186;0;1588232263568
34;1;128;0;1588232263615
47;0;143;45;1588232263645
7;1;154;0;1588232263647
35;1;171;0;1588232263654
24;1;99;0;1588232263706
21;1;183;0;1588232263712
68;0;64;19;1588232263776
18;1;163;0;1588232263776
49;1;35;0;1588232263817
68;1;113;0;1588232263825
11;0;133;50;1588232263844
16;1;122;0;1588232263916
30;1;154;0;1588232263942
29;1;146;0;1588232264053
63;0;176;14;1588232264081
54;0;74;50;1588232264087
57;1;3;0;1588232264094
71;1;194;0;1588232264142
19;0;38;43;1588232264147
45;0;33;42;1588232264162
36;0;18;7;1588232264176
73;0;137;10;1588232264182
33;0;2;42;1588232264200
34;1;144;0;1588232264226
18;1;31;0;1588232264262
63;1;173;0;1588232264277
72;1;151;0;1588232264282
15;1;170;0;1588232264294
4;1;168;0;1588232264317
2;0;94;75;1588232264342
41;0;163;59;1588232264368
62;1;137;0;1588232264374
5;0;192;41;1588232264428
56;1;10;0;1588232264437
24;1;30;0;1588232264445
52;1;188;0;1588232264453
41;1;143;0;1588232264464
44;1;196;0;1588232264492
60;0;187;19;1588232264575
17;0;150;11;1588232264577
59;0;90;18;1588232264607
25;0;74;27;1588232264616
4;0;113;46;1588232264626
30;0;65;33;1588232264634
13;1;95;0;1588232264646
22;0;192;19;1588232264659
50;1;189;0;1588232264659
41;1;21;0;1588232264659
33;0;66;18;1588232264659
17;0;143;28;1588232264707
9;0;139;32;1588232264726
62;1;95;0;1588232264736
65;0;100;18;1588232264878
43;1;178;0;1588232264897
40;0;84;42;1588232264913
24;0;127;26;1588232264926
5;1;163;0;1588232264945
4;0;64;55;1588232264945
64;1;175;0;1588232264984
10;1;90;0;1588232264999
64;1;136;0;1588232265012
72;1;125;0;1588232265017
71;1;24;0;1588232265036
65;0;90;22;1588232265070
52;1;46;0;1588232265112
40;0;102;64;1588232265120
34;1;94;0;1588232265142
10;0;147;53;1588232265177
60;1;19;0;1588232265184
25;0;77;34;1588232265189
10;0;117;41;1588232265249
67;1;74;0;1588232265259
24;0;133;42;1588232265260
43;0;151;15;1588232265296
66;0;183;63;1588232265298
33;1;5;0;1588232265300
36;1;191;0;1588232265300
74;1;142;0;1588232265364
31;0;182;7;1588232265392
48;1;38;0;1588232265403
58;1;15;0;1588232265408
11;0;133;27;1588232265484
58;1;1;0;1588232265495
25;0;182;15;1588232265609
50;1;53;0;1588232265616
64;0;166;11;1588232265616
63;1;59;0;1588232265633
61;0;38;26;1588232265636
69;1;85;0;1588232265642
30;1;191;0;1588232265652
67;1;164;0;1588232265658
61;1;58;0;1588232265677
38;0;111;44;1588232265692
74;0;186;68;1588232265717
41;1;194;0;1588232265778
17;0;117;20;1588232265790
66;0;153;33;1588232265792
17;1;84;0;1588232265870
22;1;100;0;1588232265944
14;0;83;3;1588232265971
22;0;187;45;1588232266028
54;1;26;0;1588232266042
58;1;87;0;1588232266047
40;1;163;0;1588232266078
1;1;182;0;1588232266078
23;1;100;0;1588232266112
20;0;114;69;1588232266116
16;1;104;0;1588232266140
26;1;146;0;1588232266148
29;0;79;58;1588232266158
67;0;198;41;1588232266204
4;0;97;50;1588232266204
14;1;135;0;1588232266242
2;1;159;0;1588232266287
27;1;47;0;1588232266293
68;0;118;15;1588232266383
74;0;162;34;1588232266452
24;0;78;17;1588232266458
20;1;40;0;1588232266458
7;1;186;0;1588232266463
72;1;167;0;1588232266469
73;0;48;67;1588232266526
73;0;58;69;1588232266577
40;0;111;41;1588232266622
2;0;76;61;1588232266637
36;1;159;0;1588232266718
72;0;97;27;1588232266754
60;1;70;0;1588232266767
13;1;98;0;1588232266793
38;1;67;0;1588232266799
22;0;13;1;1588232266805
40;0;71;23;1588232266840
40;1;164;0;1588232266847
2;1;7;0;1588232266852
22;0;69;35;1588232266857
1;1;81;0;1588232266912
7;0;124;47;1588232266926
51;0;111;70;1588232266937
58;1;76;0;1588232266937
36;1;131;0;1588232266950
71;0;67;26;1588232266950
66;0;157;16;1588232266955
32;0;35;48;1588232266997
57;1;126;0;1588232267008
25;0;153;42;1588232267025
72;0;111;18;1588232267094
50;1;82;0;1588232267117
67;1;81;0;1588232267119
13;1;154;0;1588232267142
32;1;58;0;1588232267146
7;0;143;64;1588232267156
24;1;177;0;1588232267282
28;1;78;0;1588232267287
61;1;87;0;1588232267298
39;0;70;22;1588232267321
33;0;54;28;1588232267339
62;0;87;41;1588232267357
40;1;99;0;1588232267359
61;1;88;0;1588232267365
44;0;115;72;1588232267408
48;0;42;65;1588232267414
21;1;14;0;1588232267416
18;0;33;39;1588232267435
16;0;180;5;1588232267489
2;0;153;62;1588232267494
46;0;130;31;1588232267592
29;0;189;42;1588232267608
36;1;47;0;1588232267615
24;0;29;75;1588232267622
10;0;180;73;1588232267622
7;0;147;57;1588232267625
1;0;20;74;1588232267647
51;1;0;0;1588232267668
54;1;94;0;1588232267736
19;0;48;34;1588232267736
45;1;15;0;1588232267826
41;0;196;19;1588232267858
42;1;116;0;1588232267901
73;1;175;0;1588232267955
45;0;113;26;1588232267979
39;0;107;73;1588232268046
24;0;60;57;1588232268077
39;0;29;16;1588232268093
6;0;160;31;1588232268098
55;1;19;0;1588232268116
47;1;156;0;1588232268135
46;1;147;0;1588232268165
4;0;80;74;1588232268182
28;0;144;32;1588232268200
45;1;9;0;1588232268226
12;0;89;25;1588232268237
73;1;34;0;1588232268248
3;0;126;52;1588232268253
31;0;84;55;1588232268272
2;1;128;0;1588232268281
8;0;109;46;1588232268281
10;0;140;27;1588232268321
3;1;198;0;1588232268326
33;1;86;0;1588232268326
5;1;87;0;1588232268407
19;0;92;38;1588232268407
11;0;70;68;1588232268413
23;0;11;32;1588232268432
44;1;19;0;1588232268553
8;0;146;74;1588232268609
59;0;5;63;1588232268676
49;0;196;43;1588232268692
32;1;101;0;1588232268696
45;1;31;0;1588232268737
56;0;171;46;1588232268742
60;1;188;0;1588232268778
28;1;14;0;1588232268820
13;0;116;56;1588232268833
17;1;147;0;1588232268849
47;0;173;7;1588232268878
31;0;198;43;1588232268937
26;1;198;0;1588232269018
44;1;184;0;1588232269140
6;0;166;9;1588232269144
35;1;9;0;1588232269176
38;1;100;0;1588232269220
36;0;122;39;1588232269236
25;1;71;0;1588232269245
38;1;76;0;1588232269268
6;0;85;11;1588232269274
49;1;39;0;1588232269308
49;1;130;0;1588232269328
49;0;87;33;1588232269337
73;0;104;16;1588232269345
26;1;154;0;1588232269347
71;0;143;58;1588232269426
24;1;165;0;1588232269434
34;1;27;0;1588232269439
39;1;21;0;1588232269445
40;1;114;0;1588232269457
68;0;80;25;1588232269461
36;0;94;59;1588232269469
69;1;38;0;1588232269487
61;0;61;4;1588232269487
22;1;91;0;1588232269492
39;1;190;0;1588232269520
57;0;64;40;1588232269548
15;1;68;0;1588232269564
56;1;33;0;1588232269585
37;1;123;0;1588232269609
25;0;27;45;1588232269614
53;1;23;0;1588232269619
23;1;179;0;1588232269742
67;1;61;0;1588232269785
24;0;39;72;1588232269787
46;0;109;22;1588232269853
72;0;46;21;1588232269880
69;1;196;0;1588232269893
43;1;124;0;1588232269893
46;0;120;49;1588232269945
72;1;173;0;1588232269983
64;1;21;0;1588232270031
59;0;13;37;1588232270033
22;1;115;0;1588232270061
37;0;194;71;1588232270078
63;1;120;0;1588232270081
8;1;24;0;1588232270095
70;0;184;26;1588232270266
61;0;124;68;1588232270283
61;0;94;3;1588232270284
4;1;194;0;1588232270284
56;1;188;0;1588232270295
10;0;117;65;1588232270364
36;1;119;0;1588232270426
71;1;177;0;1588232270463
13;0;168;64;1588232270466
61;1;74;0;1588232270502
14;1;154;0;1588232270503
41;1;120;0;1588232270532
6;0;113;8;1588232270561
15;1;165;0;1588232270582
68;1;66;0;1588232270594
31;1;142;0;1588232270607
22;1;2;0;1588232270622
39;0;93;26;1588232270681
74;1;35;0;1588232270772
39;0;167;41;1588232270808
41;1;137;0;1588232270877
32;0;162;24;1588232270895
64;0;74;33;1588232270951
16;0;6;25;1588232270958
30;1;50;0;1588232270970
42;0;117;53;1588232270976
35;0;33;26;1588232270999
47;1;32;0;1588232271019
7;0;70;61;1588232271031
5;1;172;0;1588232271037
7;1;161;0;1588232271060
68;0;152;7;1588232271078
73;1;80;0;1588232271128
37;0;184;29;1588232271128
56;0;11;45;1588232271165
16;0;98;13;1588232271185
18;1;192;0;1588232271264
32;0;38;59;1588232271311
25;0;177;66;1588232271313
59;1;23;0;1588232271316
25;1;129;0;1588232271322
4;0;181;68;1588232271334
25;1;79;0;1588232271420
25;1;179;0;1588232271429
27;1;33;0;1588232271458
21;0;0;62;1588232271459
62;1;26;0;1588232271558
15;0;171;16;1588232271592
43;0;39;39;1588232271643
55;1;196;0;1588232271680
17;1;156;0;1588232271715
66;0;85;24;1588232271723
33;0;189;65;1588232271729
59;1;137;0;1588232271739
70;0;25;61;1588232271758
34;1;177;0;1588232271761
28;0;157;64;1588232271888
63;1;191;0;1588232271959
41;0;113;16;1588232271959
68;0;12;56;1588232272004
4;0;127;37;1588232272026
67;1;116;0;1588232272032
65;1;64;0;1588232272034
27;0;198;43;1588232272109
25;0;149;49;1588232272115
32;0;154;65;1588232272128
44;0;145;31;1588232272165
2;0;58;58;1588232272166
39;1;107;0;1588232272176
53;0;127;10;1588232272176
65;0;150;3;1588232272181
1;0;145;56;1588232272217
29;0;125;17;1588232272239
13;0;51;67;1588232272261
68;1;56;0;1588232272301
40;0;10;48;1588232272327
15;1;17;0;1588232272377
67;1;64;0;1588232272379
59;1;73;0;1588232272446
50;0;47;52;1588232272464
75;0;45;43;1588232272482
2;1;179;0;1588232272489
41;1;142;0;1588232272492
58;0;121;19;1588232272504
19;1;6;0;1588232272535
47;0;193;33;1588232272588
73;1;176;0;1588232272628
64;0;129;14;1588232272660
8;0;134;55;1588232272702
32;0;159;2;1588232272726
8;1;190;0;1588232272749
68;1;46;0;1588232272782
47;1;89;0;1588232272788
42;0;36;73;1588232272837
54;0;61;21;1588232272878
38;0;126;11;1588232272892
19;1;193;0;1588232272909
10;0;89;26;1588232272927
6;1;176;0;1588232272942
56;0;32;46;1588232272950
45;1;93;0;1588232272966
45;0;154;39;1588232272968
11;0;70;64;1588232272979
20;0;14;54;1588232272979
41;1;177;0;1588232273015
24;0;142;2;1588232273084
47;0;27;22;1588232273086
74;0;80;11;1588232273106
1;0;87;3;1588232273126
59;1;162;0;1588232273142
55;0;37;17;1588232273178
9;0;194;72;1588232273201
14;0;50;32;1588232273204
49;1;77;0;1588232273221
56;1;173;0;1588232273227
46;1;91;0;1588232273231
24;0;183;11;1588232273242
21;0;4;47;1588232273265
68;1;83;0;1588232273305
58;1;173;0;1588232273305
27;0;140;41;1588232273355
71;1;33;0;1588232273444
57;0;76;66;1588232273449
66;0;161;72;1588232273467
5;1;68;0;1588232273485
19;1;86;0;1588232273499
47;1;23;0;1588232273594
33;1;132;0;1588232273594
14;0;175;52;1588232273612
3;0;177;53;1588232273623
21;1;82;0;1588232273634
70;1;129;0;1588232273690
17;1;32;0;1588232273764
28;1;44;0;1588232273764
59;1;169;0;1588232273792
27;1;55;0;1588232273812
64;0;148;40;1588232273883
66;1;134;0;1588232273906
73;0;167;51;1588232273921
54;0;60;43;1588232273942
55;1;189;0;1588232273947
61;0;193;73;1588232273964
26;0;43;59;1588232273964
23;0;20;30;1588232274029
46;0;4;18;1588232274034
60;0;152;70;1588232274088
7;1;9;0;1588232274088
23;1;160;0;1588232274161
31;0;84;44;1588232274204
45;0;5;7;1588232274220
39;1;1;0;1588232274250
4;0;53;29;1588232274311
1;0;20;19;1588232274336
66;0;37;23;1588232274348
67;1;195;0;1588232274378
58;0;38;39;1588232274409
30;0;122;59;1588232274431
38;1;82;0;1588232274444
7;0;22;35;1588232274464
62;0;129;58;1588232274485
67;1;199;0;1588232274528
2;0;106;28;1588232274535
66;1;140;0;1588232274542
2;1;195;0;1588232274548
19;0;61;11;1588232274627
7;0;43;36;1588232274634
27;1;56;0;1588232274708
40;1;6;0;1588232274726
57;1;161;0;1588232274728
20;1;123;0;1588232274744
27;0;183;60;1588232274786
73;0;56;14;1588232274803
56;1;101;0;1588232274812
70;0;112;23;1588232274831
19;1;99;0;1588232274853
47;1;176;0;1588232274853
11;1;22;0;1588232274880
62;1;68;0;1588232274886
1;1;85;0;1588232274905
55;1;128;0;1588232274908
45;1;106;0;1588232274936
39;0;90;64;1588232275067
52;1;141;0;1588232275085
74;1;194;0;1588232275094
40;0;157;9;1588232275136
75;1;73;0;1588232275138
54;0;34;25;1588232275159
26;1;107;0;1588232275166
17;1;19;0;1588232275184
9;0;29;37;1588232275217
22;0;124;37;1588232275298
15;1;16;0;1588232275309
29;1;1;0;1588232275369
21;0;139;35;1588232275376
10;0;27;35;1588232275399
21;1;173;0;1588232275438
10;0;182;60;1588232275442
60;0;89;46;1588232275471
7;0;102;63;1588232275476
55;1;47;0;1588232275542
36;0;4;8;1588232275552
55;1;37;0;1588232275567
26;1;34;0;1588232275612
1;0;34;58;1588232275737
49;0;56;10;1588232275737
6;1;49;0;1588232275756
26;0;122;58;1588232275798
44;1;71;0;1588232275803
20;1;101;0;1588232275805
43;0;83;26;1588232275818
65;0;75;48;1588232275826
39;0;19;75;1588232275835
56;1;180;0;1588232275845
71;0;62;55;1588232275848
3;0;191;6;1588232275856
40;0;51;56;1588232275887
60;1;145;0;1588232275945
24;0;105;54;1588232275948
7;0;21;16;1588232276055
21;1;118;0;1588232276126
72;1;118;0;1588232276176
57;1;90;0;1588232276187
59;1;185;0;1588232276192
51;0;164;21;1588232276202
54;1;173;0;1588232276210
46;1;128;0;1588232276249
47;0;98;72;1588232276273
32;1;171;0;1588232276276
75;1;159;0;1588232276278
37;1;87;0;1588232276312
21;0;142;69;1588232276314
10;1;146;0;1588232276331
10;1;150;0;1588232276331
12;0;44;36;1588232276377
55;1;28;0;1588232276387
53;1;104;0;1588232276451
53;0;27;39;1588232276504
52;1;143;0;1588232276579
12;0;111;7;1588232276580
24;1;157;0;1588232276585
38;1;76;0;1588232276599
56;1;71;0;1588232276610
66;0;85;70;1588232276643
29;0;41;50;1588232276663
23;0;182;40;1588232276679
34;1;173;0;1588232276683
18;0;59;55;1588232276706
6;0;21;67;1588232276727
59;1;16;0;1588232276735
35;0;38;72;1588232276748
20;0;130;37;1588232276771
1;1;193;0;1588232276790
12;0;158;8;1588232276892
41;0;54;25;1588232276933
35;0;115;26;1588232276937
17;1;117;0;1588232276951
45;1;31;0;1588232276959
57;1;165;0;1588232276969
73;1;11;0;1588232277042
27;0;45;33;1588232277085
54;0;46;49;1588232277136
23;1;51;0;1588232277169
51;1;93;0;1588232277181
65;1;153;0;1588232277184
4;0;119;64;1588232277229
22;1;20;0;1588232277245
59;0;40;4;1588232277253
8;0;67;46;1588232277254
55;0;11;32;1588232277259
62;0;4;43;1588232277271
41;0;74;55;1588232277321
61;1;65;0;1588232277348
64;1;188;0;1588232277378
22;0;6;1;1588232277385
14;0;9;69;1588232277439
4;1;187;0;1588232277442
44;1;179;0;1588232277498
45;0;75;44;1588232277507
60;1;38;0;1588232277548
44;0;10;60;1588232277556
50;1;131;0;1588232277556
7;0;59;60;1588232277582
67;1;28;0;1588232277620
20;1;160;0;1588232277620
42;1;1;0;1588232277636
23;1;21;0;1588232277657
11;0;135;65;1588232277687
52;0;88;13;1588232277692
28;0;174;9;1588232277835
71;0;152;29;1588232277837
25;1;150;0;1588232277855
17;1;7;0;1588232277860
58;1;43;0;1588232277864
10;1;43;0;1588232277870
3;0;2;63;1588232277870
23;0;74;55;1588232277876
51;0;125;25;1588232277892
32;1;128;0;1588232277893
52;0;168;58;1588232277965
71;1;194;0;1588232277974
17;0;157;29;1588232278026
56;1;179;0;1588232278057
49;1;169;0;1588232278057
28;0;79;30;1588232278061
9;0;183;49;1588232278079
20;1;144;0;1588232278150
50;1;82;0;1588232278170
57;0;147;3;1588232278200
64;1;178;0;1588232278217
44;0;15;24;1588232278238
9;1;10;0;1588232278242
18;0;60;9;1588232278249
10;0;123;43;1588232278253
21;1;148;0;1588232278299
44;1;129;0;1588232278313
2;1;151;0;1588232278364
30;0;183;73;1588232278388
71;1;15;0;1588232278464
16;0;48;43;1588232278508
23;0;97;71;1588232278539
75;0;89;33;1588232278550
73;1;56;0;1588232278590
35;1;113;0;1588232278611
9;1;137;0;1588232278634
15;0;128;10;1588232278660
30;1;162;0;1588232278692
14;1;135;0;1588232278705
16;1;121;0;1588232278713
26;1;188;0;1588232278727
49;1;131;0;1588232278767
54;1;15;0;1588232278787
34;1;195;0;1588232278824
35;0;8;50;1588232278826
56;1;82;0;1588232278851
57;1;77;0;1588232278858
70;1;10;0;1588232278881
23;0;10;55;1588232278887
50;1;3;0;1588232278947
50;0;10;37;1588232278966
54;0;170;18;1588232278972
26;0;172;20;1588232278978
18;0;14;52;1588232279017
59;1;187;0;1588232279022
31;1;20;0;1588232279035
30;0;24;74;1588232279065
57;1;89;0;1588232279087
14;1;30;0;1588232279101
64;1;51;0;1588232279116
50;0;104;26;1588232279127
71;0;137;52;1588232279129
56;0;164;71;1588232279142
26;0;54;64;1588232279161
30;1;20;0;1588232279171
41;0;59;9;1588232279235
16;0;189;30;1588232279261
18;1;153;0;1588232279288
65;0;57;28;1588232279294
44;0;167;35;1588232279328
52;0;26;71;1588232279393
1;1;122;0;1588232279420
27;0;19;38;1588232279470
75;1;82;0;1588232279485
58;1;156;0;1588232279531
28;1;180;0;1588232279581
73;1;38;0;1588232279600
55;0;62;28;1588232279630
30;1;63;0;1588232279666
68;0;127;70;1588232279667
35;0;94;50;1588232279669
51;1;130;0;1588232279763
35;1;112;0;1588232279778
65;1;190;0;1588232279792
33;1;45;0;1588232279833
70;0;187;4;1588232279854
14;0;29;23;1588232279861
1;1;93;0;1588232279878
50;0;45;19;1588232279888
30;1;34;0;1588232279896
62;1;179;0;1588232279941
6;1;144;0;1588232279973
19;1;106;0;1588232280001
66;1;80;0;1588232280006
10;0;166;45;1588232280006
61;1;118;0;1588232280036
35;0;188;2;1588232280050
62;1;66;0;1588232280149
35;1;129;0;1588232280173
14;0;117;69;1588232280200
34;1;102;0;1588232280242
53;0;109;60;1588232280292
8;0;186;26;1588232280317
71;0;71;73;1588232280336
53;1;124;0;1588232280347
7;0;152;51;1588232280372
38;0;125;51;1588232280426
13;1;147;0;1588232280435
75;1;145;0;1588232280469
66;1;39;0;1588232280484
65;0;161;30;1588232280500
74;0;33;11;1588232280511
24;1;148;0;1588232280529
59;0;181;36;1588232280537
28;0;127;67;1588232280576
68;1;3;0;1588232280626
30;1;113;0;1588232280643
36;1;33;0;1588232280667
36;1;176;0;1588232280701
21;0;127;53;1588232280730
54;1;196;0;1588232280743
70;1;113;0;1588232280783
45;1;87;0;1588232280790
38;0;77;72;1588232280826
25;1;22;0;1588232280835
60;1;71;0;1588232280850
11;0;117;21;1588232280854
4;0;172;71;1588232280868
21;1;137;0;1588232280871
50;1;12;0;1588232280877
23;0;65;24;1588232280892
7;1;176;0;1588232281011
35;1;182;0;1588232281016
8;1;68;0;1588232281042
25;0;175;8;1588232281047
65;1;167;0;1588232281150
22;0;104;20;1588232281169
59;0;129;30;1588232281169
21;0;37;25;1588232281193
69;0;50;5;1588232281219
22;0;2;14;1588232281236
60;1;53;0;1588232281269
15;1;19;0;1588232281330
28;0;85;54;1588232281365
74;1;18;0;1588232281369
73;0;194;57;1588232281369
62;1;57;0;1588232281446
70;1;106;0;1588232281455
51;1;167;0;1588232281462
43;1;30;0;1588232281501
40;1;51;0;1588232281509
24;1;116;0;1588232281616
60;0;197;68;1588232281628
1;0;45;30;1588232281635
12;0;74;69;1588232281650
68;0;93;6;1588232281692
35;1;161;0;1588232281699
17;0;171;47;1588232281715
73;1;46;0;1588232281768
32;1;8;0;1588232281776
8;0;23;12;1588232281820
44;0;11;11;1588232281826
51;1;18;0;1588232281856
63;1;45;0;1588232281860
4;0;179;7;1588232281882
53;1;94;0;1588232281892
5;1;120;0;1588232281894
10;0;6;33;1588232281913
75;0;7;48;1588232281978
52;0;98;30;1588232282002
48;0;28;75;1588232282018
50;1;34;0;1588232282059
68;1;168;0;1588232282064
71;0;17;24;1588232282085
2;1;72;0;1588232282093
44;0;57;19;1588232282126
6;1;111;0;1588232282130
59;1;69;0;1588232282134
68;0;166;11;1588232282147
25;1;3;0;1588232282167
22;1;195;0;1588232282176
38;1;198;0;1588232282195
30;0;196;40;1588232282269
21;1;66;0;1588232282288
2;1;4;0;1588232282300
67;1;39;0;1588232282304
40;0;140;52;1588232282305
37;1;2;0;1588232282332
39;0;9;46;1588232282332
49;0;192;62;1588232282366
72;0;103;37;1588232282460
34;0;160;64;1588232282465
43;0;167;54;1588232282484
23;0;56;49;1588232282520
31;0;152;64;1588232282565
34;0;99;11;1588232282566
53;1;102;0;1588232282632
7;1;99;0;1588232282660
15;1;104;0;1588232282671
21;1;196;0;1588232282682
75;1;10;0;1588232282687
23;1;88;0;1588232282745
45;0;177;13;1588232282753
41;0;176;10;1588232282761
66;1;36;0;1588232282788
52;0;115;61;1588232282805
44;0;191;11;1588232282815
16;0;162;3;1588232282892
23;1;111;0;1588232282928
39;1;2;0;1588232282953
40;1;173;0;1588232283005
35;1;10;0;1588232283045
2;1;13;0;1588232283061
15;1;132;0;1588232283088
22;0;141;50;1588232283100
11;1;106;0;1588232283135
64;0;190;31;1588232283135
34;1;26;0;1588232283155
24;0;130;59;1588232283166
23;1;78;0;1588232283176
32;0;131;46;1588232283200
36;1;49;0;1588232283270
38;1;56;0;1588232283308
22;1;111;0;1588232283314
71;0;79;55;1588232283316
5;1;100;0;1588232283319
42;1;51;0;1588232283319
9;1;174;0;1588232283342
17;0;6;59;1588232283344
47;0;57;52;1588232283382
70;0;71;28;1588232283400
6;1;96;0;1588232283466
64;1;144;0;1588232283476
44;1;66;0;1588232283485
64;0;55;44;1588232283500
33;1;104;0;1588232283555
56;0;158;70;1588232283592
3;0;183;52;1588232283600
12;1;136;0;1588232283649
32;1;76;0;1588232283661
28;0;60;37;1588232283683
28;0;55;18;1588232283726
74;1;44;0;1588232283758
73;0;194;34;1588232283765
14;0;92;23;1588232283769
38;0;106;54;1588232283787
10;0;22;66;1588232283792
74;0;180;3;1588232283792
61;0;103;45;1588232283796
11;0;120;15;1588232283799
52;1;45;0;1588232283817
17;0;193;58;1588232283842
47;0;86;43;1588232283870
50;1;85;0;1588232283895
4;1;190;0;1588232283925
64;1;149;0;1588232283946
33;1;96;0;1588232283949
72;1;97;0;1588232283964
29;1;66;0;1588232284011
19;1;104;0;1588232284020
64;0;49;36;1588232284040
18;1;33;0;1588232284099
35;0;171;40;1588232284118
49;0;78;60;1588232284151
23;1;129;0;1588232284159
24;0;134;21;1588232284181
43;0;90;70;1588232284192
26;1;44;0;1588232284203
36;1;34;0;1588232284226
21;1;85;0;1588232284276
46;0;26;50;1588232284342
13;1;75;0;1588232284406
10;0;181;2;1588232284418
73;1;196;0;1588232284435
63;1;27;0;1588232284443
42;0;68;28;1588232284496
73;0;181;63;1588232284522
27;0;150;26;1588232284552
55;1;53;0;1588232284571
51;1;19;0;1588232284582
54;0;181;53;1588232284614
72;0;145;44;1588232284627
45;0;128;31;1588232284638
30;0;181;57;1588232284655
23;0;79;61;1588232284655
52;0;103;75;1588232284763
16;0;119;67;1588232284799
31;1;198;0;1588232284823
69;1;196;0;1588232284844
32;0;182;60;1588232284850
10;1;183;0;1588232284876
55;1;75;0;1588232284876
5;0;118;15;1588232284881
39;0;68;41;1588232284949
40;1;141;0;1588232284955
42;0;106;71;1588232284995
14;0;160;61;1588232285012
65;0;40;48;1588232285026
6;0;161;7;1588232285034
19;0;114;35;1588232285052
47;1;78;0;1588232285059
59;0;132;23;1588232285110
23;0;79;20;1588232285164
15;0;165;36;1588232285205
38;1;149;0;1588232285213
35;1;90;0;1588232285254
41;1;2;0;1588232285277
54;1;71;0;1588232285293
54;1;175;0;1588232285305
17;1;96;0;1588232285317
26;0;36;47;1588232285349
73;1;94;0;1588232285388
46;1;28;0;1588232285467
18;0;192;67;1588232285495
20;1;105;0;1588232285522
53;1;92;0;1588232285537
67;0;157;65;1588232285559
15;1;108;0;1588232285559
30;1;194;0;1588232285580
58;0;184;8;1588232285595
32;0;20;56;1588232285602
49;1;184;0;1588232285627
55;1;174;0;1588232285662
71;1;121;0;1588232285692
29;0;127;8;1588232285714
21;0;143;25;1588232285748
43;1;52;0;1588232285754
13;1;29;0;1588232285755
30;0;75;28;1588232285767
75;0;51;6;1588232285779
31;0;94;57;1588232285793
74;1;5;0;1588232285815
48;0;96;50;1588232285828
72;1;161;0;1588232285859
73;0;167;75;1588232285871
28;1;109;0;1588232285892
15;1;152;0;1588232285916
26;1;11;0;1588232285948
17;0;114;21;1588232286002
39;1;38;0;1588232286026
45;1;143;0;1588232286062
69;0;50;43;1588232286136
53;1;84;0;1588232286148
23;0;46;16;1588232286154
72;1;30;0;1588232286159
1;1;197;0;1588232286176
28;0;192;16;1588232286176
29;1;163;0;1588232286188
8;1;138;0;1588232286212
16;1;107;0;1588232286218
10;0;107;61;1588232286235
5;0;95;13;1588232286342
14;1;189;0;1588232286412
36;0;77;6;1588232286436
63;1;116;0;1588232286436
51;1;74;0;1588232286443
32;1;20;0;1588232286449
45;0;13;50;1588232286451
5;1;119;0;1588232286467
38;0;197;10;1588232286548
55;0;57;10;1588232286576
59;1;109;0;1588232286614
42;0;161;2;1588232286626
38;1;149;0;1588232286626
70;0;157;49;1588232286656
62;0;197;58;1588232286682
46;0;23;63;1588232286687
17;1;197;0;1588232286723
51;1;165;0;1588232286752
21;1;190;0;1588232286760
47;0;182;56;1588232286792
47;0;115;70;1588232286836
28;0;23;73;1588232286836
13;0;139;7;1588232286842
20;0;56;30;1588232286865
10;0;158;4;1588232286905
20;1;33;0;1588232286921
71;1;158;0;1588232286952
11;1;6;0;1588232286957
51;1;107;0;1588232286969
57;1;81;0;1588232287048
27;1;88;0;1588232287059
35;0;27;31;1588232287078
27;0;99;53;1588232287093
49;0;165;4;1588232287093
57;0;69;56;1588232287101
50;1;107;0;1588232287148
67;1;181;0;1588232287195
44;0;64;64;1588232287262
29;0;82;25;1588232287317
25;1;21;0;1588232287345
43;1;78;0;1588232287356
5;0;113;44;1588232287382
55;0;99;73;1588232287426
60;0;150;14;1588232287434
16;0;9;48;1588232287437
64;0;177;40;1588232287459
14;1;71;0;1588232287476
48;1;6;0;1588232287481
51;1;50;0;1588232287492
32;0;54;38;1588232287583
19;1;25;0;1588232287587
12;0;186;33;1588232287610
39;0;188;23;1588232287619
40;0;112;23;1588232287661
34;0;130;8;1588232287687
5;1;75;0;1588232287705
70;0;116;27;1588232287742
54;1;171;0;1588232287782
40;0;0;42;1588232287801
72;0;178;1;1588232287850
59;0;182;66;1588232287886
51;0;117;74;1588232287921
59;0;26;58;1588232287929
44;0;172;38;1588232287942
65;0;89;15;1588232287963
48;0;6;47;1588232288010
54;1;33;0;1588232288037
33;0;98;65;1588232288053
58;0;185;74;1588232288061
54;0;90;38;1588232288088
65;0;126;57;1588232288103
33;1;128;0;1588232288208
51;0;19;43;1588232288224
60;0;127;48;1588232288237
12;0;62;11;1588232288270
9;0;112;25;1588232288285
36;1;110;0;1588232288287
20;1;146;0;1588232288301
75;0;185;59;1588232288314
59;0;90;75;1588232288351
55;1;22;0;1588232288387
67;1;191;0;1588232288455
5;1;49;0;1588232288464
2;0;168;13;1588232288473
9;0;105;17;1588232288519
63;1;66;0;1588232288561
22;1;6;0;1588232288626
49;1;191;0;1588232288631
31;0;172;70;1588232288658
40;0;115;17;1588232288706
10;1;122;0;1588232288711
52;1;138;0;1588232288779
64;0;74;48;1588232288820
51;1;154;0;1588232288885
50;0;186;39;1588232288889
33;0;13;43;1588232288949
37;0;158;39;1588232288966
59;1;61;0;1588232289004
75;1;187;0;1588232289029
38;0;178;4;1588232289042
68;1;182;0;1588232289060
32;0;19;35;1588232289078
43;0;117;53;1588232289088
67;1;112;0;1588232289115
29;1;113;0;1588232289129
41;1;159;0;1588232289299
60;0;160;34;1588232289303
10;1;191;0;1588232289303
40;1;170;0;1588232289342
58;1;117;0;1588232289350
29;0;127;3;1588232289350
24;1;163;0;1588232289386
53;0;130;40;1588232289386
55;0;14;16;1588232289426
6;0;119;57;1588232289433
27;1;33;0;1588232289436
31;0;142;45;1588232289460
5;1;164;0;1588232289500
68;0;77;21;1588232289509
28;1;190;0;1588232289576
67;1;177;0;1588232289619
4;0;195;26;1588232289619
24;1;116;0;1588232289642
12;1;62;0;1588232289661
31;1;164;0;1588232289666
72;1;92;0;1588232289687
3;1;19;0;1588232289726
10;0;134;46;1588232289757
8;0;102;62;1588232289793
23;1;84;0;1588232289793
2;1;21;0;1588232289793
51;0;137;12;1588232289793
6;1;103;0;1588232289850
45;1;135;0;1588232289850
67;1;65;0;1588232289884
57;1;114;0;1588232289892
5;1;74;0;1588232289906
34;1;120;0;1588232289912
8;1;147;0;1588232289948
8;1;12;0;1588232289989
33;0;48;58;1588232289992
28;1;17;0;1588232290033
33;0;30;61;1588232290065
73;0;10;29;1588232290095
58;0;114;6;1588232290120
64;0;9;48;1588232290126
73;1;64;0;1588232290158
23;0;107;2;1588232290192
20;0;139;55;1588232290227
9;0;185;42;1588232290328
61;1;21;0;1588232290330
15;0;77;49;1588232290346
29;1;165;0;1588232290376
52;0;52;36;1588232290379
38;0;151;48;1588232290392
12;1;83;0;1588232290447
18;1;16;0;1588232290459
67;1;104;0;1588232290469
37;0;10;29;1588232290472
2;0;16;35;1588232290560
68;0;159;23;1588232290560
74;1;104;0;1588232290579
48;0;122;33;1588232290626
18;0;190;3;1588232290629
54;0;95;63;1588232290634
25;1;97;0;1588232290703
56;1;33;0;1588232290742
22;0;154;11;1588232290748
49;1;19;0;1588232290817
54;1;141;0;1588232290818
24;1;192;0;1588232290834
27;0;175;37;1588232290885
36;0;74;71;1588232290912
11;0;41;28;1588232290919
30;1;22;0;1588232290944
6;1;194;0;1588232290950
3;0;111;5;1588232290981
35;0;59;16;1588232291052
8;1;186;0;1588232291081
25;1;177;0;1588232291155
63;1;18;0;1588232291185
60;1;28;0;1588232291210
66;1;90;0;1588232291214
6;1;18;0;1588232291226
58;1;136;0;1588232291242
58;1;137;0;1588232291353
1;0;140;54;1588232291360
70;1;103;0;1588232291360
74;1;73;0;1588232291378
57;0;94;63;1588232291392
16;0;143;9;1588232291431
33;0;187;68;1588232291441
31;1;98;0;1588232291459
12;1;134;0;1588232291476
60;1;64;0;1588232291501
39;0;44;70;1588232291554
17;0;113;48;1588232291560
45;1;189;0;1588232291561
5;1;103;0;1588232291621
63;0;30;5;1588232291646
41;1;32;0;1588232291664
53;1;101;0;1588232291705
53;1;173;0;1588232291726
46;0;72;24;1588232291752
6;1;136;0;1588232291761
56;0;183;75;1588232291768
61;0;50;8;1588232291810
34;1;73;0;1588232291849
36;0;179;72;1588232291850
23;0;50;33;1588232291887
19;1;180;0;1588232291942
14;0;169;23;1588232291942
55;1;12;0;1588232291948
2;0;118;10;1588232291952
15;0;192;54;1588232291976
24;0;36;68;1588232291976
25;0;147;73;1588232291984
40;0;195;6;1588232291984
64;0;8;6;1588232291994
16;1;14;0;1588232292056
8;1;84;0;1588232292078
15;0;190;17;1588232292099
73;0;51;54;1588232292119
9;1;135;0;1588232292177
14;1;56;0;1588232292202
64;1;98;0;1588232292262
39;1;123;0;1588232292287
9;1;125;0;1588232292304
1;1;103;0;1588232292320
43;0;57;17;1588232292324
42;0;46;12;1588232292326
59;1;60;0;1588232292353
24;1;20;0;1588232292359
52;0;191;69;1588232292371
74;0;46;42;1588232292392
63;1;121;0;1588232292400
30;1;60;0;1588232292413
20;0;149;7;1588232292442
39;0;182;28;1588232292462
38;0;74;11;1588232292462
5;0;131;21;1588232292474
43;0;152;70;1588232292561
7;1;166;0;1588232292576
19;1;176;0;1588232292594
66;0;141;75;1588232292633
58;0;97;24;1588232292644
23;0;169;57;1588232292650
34;0;74;41;1588232292682
1;0;173;21;1588232292716
47;0;191;10;1588232292742
23;0;132;19;1588232292782
40;0;189;17;1588232292795
31;0;154;65;1588232292809
67;0;143;74;1588232292846
56;0;28;48;1588232292896
52;0;177;43;1588232292964
71;0;108;47;1588232292965
4;0;147;8;1588232292970
19;1;0;0;1588232292986
22;0;14;5;1588232293011
14;0;111;12;1588232293026
13;0;76;62;1588232293031
52;1;51;0;1588232293035
26;1;186;0;1588232293076
39;1;118;0;1588232293126
3;0;169;37;1588232293142
16;0;18;19;1588232293162
37;0;149;29;1588232293226
15;0;176;55;1588232293226
35;0;121;68;1588232293245
54;0;191;32;1588232293266
29;1;5;0;1588232293303
41;0;162;33;1588232293313
27;0;80;41;1588232293313
7;1;55;0;1588232293313
1;0;28;68;1588232293359
63;1;118;0;1588232293364
63;0;45;56;1588232293364
13;1;149;0;1588232293398
20;1;188;0;1588232293404
66;0;30;41;1588232293421
75;1;62;0;1588232293492
7;0;66;2;1588232293537
43;0;82;55;1588232293584
47;0;70;6;1588232293587
13;0;2;18;1588232293620
62;1;52;0;1588232293637
43;0;67;71;1588232293637
14;1;105;0;1588232293665
61;1;161;0;1588232293718
1;1;89;0;1588232293718
74;1;47;0;1588232293754
28;1;31;0;1588232293773
52;1;86;0;1588232293798
42;1;199;0;1588232293804
27;0;22;10;1588232293820
63;1;56;0;1588232293828
50;0;124;2;1588232293867
21;1;165;0;1588232293876
55;0;69;5;1588232293922
55;0;31;73;1588232293956
31;1;132;0;1588232293964
40;1;95;0;1588232293986
68;1;49;0;1588232293998
59;1;26;0;1588232294002
7;0;81;75;1588232294042
9;1;151;0;1588232294051
48;1;150;0;1588232294071
67;1;52;0;1588232294132
70;1;150;0;1588232294132
67;1;86;0;1588232294199
65;1;75;0;1588232294231
24;0;132;55;1588232294243
26;1;174;0;1588232294251
65;1;170;0;1588232294305
31;1;162;0;1588232294329
67;0;111;60;1588232294351
12;1;137;0;1588232294351
42;0;82;20;1588232294358
65;1;109;0;1588232294386
72;1;70;0;1588232294444
24;0;49;48;1588232294445
21;0;32;41;1588232294456
54;1;14;0;1588232294476
1;0;16;37;1588232294487
31;0;41;48;1588232294526
18;1;96;0;1588232294533
7;0;1;26;1588232294542
44;0;176;34;1588232294557
13;1;139;0;1588232294557
44;0;44;48;1588232294563
22;1;129;0;1588232294567
71;0;1;67;1588232294571
70;1;61;0;1588232294576
55;1;93;0;1588232294599
72;0;78;23;1588232294628
41;0;101;4;1588232294666
52;0;80;73;1588232294692
62;1;187;0;1588232294723
8;0;93;25;1588232294728
15;0;62;20;1588232294740
48;0;59;6;1588232294742
64;1;123;0;1588232294776
17;0;131;19;1588232294873
22;1;198;0;1588232294902
19;0;74;42;1588232294902
75;1;68;0;1588232294908
19;1;91;0;1588232294942
35;0;182;14;1588232294951
62;1;122;0;1588232294968
39;0;11;55;1588232294995
44;0;57;7;1588232295022
64;0;111;39;1588232295025
4;0;135;24;1588232295026
14;0;32;25;1588232295068
50;0;63;67;1588232295105
8;1;51;0;1588232295112
63;1;27;0;1588232295126
71;1;77;0;1588232295133
64;0;44;29;1588232295133
51;1;194;0;1588232295137
32;0;1;34;1588232295154
20;0;135;9;1588232295176
35;1;86;0;1588232295193
8;1;60;0;1588232295221
72;0;133;41;1588232295239
48;1;57;0;1588232295242
66;1;134;0;1588232295263
9;0;122;68;1588232295263
70;1;23;0;1588232295276
68;0;13;60;1588232295302
47;1;18;0;1588232295313
5;1;199;0;1588232295356
38;1;111;0;1588232295364
32;0;191;3;1588232295376
11;1;50;0;1588232295426
18;1;70;0;1588232295438
19;0;92;72;1588232295443
22;1;15;0;1588232295527
67;1;104;0;1588232295543
48;1;122;0;1588232295543
5;1;4;0;1588232295584
17;0;4;26;1588232295597
45;0;179;7;1588232295628
21;0;163;44;1588232295639
9;1;167;0;1588232295640
32;1;75;0;1588232295678
44;0;126;16;1588232295701
53;1;172;0;1588232295742
61;1;146;0;1588232295760
12;1;138;0;1588232295760
35;0;26;3;1588232295802
44;1;29;0;1588232295866
2;0;83;61;1588232295902
14;1;126;0;1588232295918
25;0;131;26;1588232295927
66;0;134;55;1588232295976
62;0;118;66;1588232296062
35;0;166;52;1588232296068
70;1;62;0;1588232296137
20;0;143;43;1588232296143
38;0;42;25;1588232296143
59;1;93;0;1588232296149
20;0;141;53;1588232296184
47;0;2;63;1588232296187
62;0;182;16;1588232296219
5;1;91;0;1588232296292
36;1;32;0;1588232296342
30;0;131;28;1588232296374
8;1;155;0;1588232296376
12;0;56;1;1588232296383
53;0;19;18;1588232296410
49;1;92;0;1588232296472
19;1;38;0;1588232296485
41;0;149;14;1588232296485
48;0;19;73;1588232296501
72;1;44;0;1588232296521
23;0;64;35;1588232296521
18;0;119;1;1588232296533
57;0;150;38;1588232296545
73;0;113;24;1588232296582
61;0;2;17;1588232296606
24;0;53;8;1588232296619
60;0;191;8;1588232296636
14;0;127;40;1588232296648
18;0;86;24;1588232296714
10;1;67;0;1588232296771
18;1;157;0;1588232296771
32;0;24;55;1588232296844
8;1;71;0;1588232296869
33;1;142;0;1588232296871
43;1;77;0;1588232296893
30;0;152;7;1588232296893
10;1;118;0;1588232296893
31;0;108;55;1588232296910
45;0;141;67;1588232296934
70;0;65;63;1588232297002
60;1;47;0;1588232297004
26;0;127;30;1588232297008
6;0;16;1;1588232297042
8;0;90;1;1588232297083
72;0;125;54;1588232297099
11;0;147;35;1588232297123
62;0;126;47;1588232297126
70;1;127;0;1588232297129
63;1;43;0;1588232297136
6;0;137;14;1588232297187
66;1;140;0;1588232297211
10;1;93;0;1588232297259
60;1;160;0;1588232297269
19;1;190;0;1588232297300
55;0;182;57;1588232297300
57;0;77;54;1588232297310
3;0;148;50;1588232297311
54;0;39;31;1588232297386
47;1;65;0;1588232297397
31;0;98;5;1588232297405
19;1;100;0;1588232297422
57;1;142;0;1588232297431
27;1;41;0;1588232297471
11;1;66;0;1588232297496
12;0;40;51;1588232297496
15;1;194;0;1588232297552
69;0;141;13;1588232297570
28;0;97;11;1588232297596
6;0;59;11;1588232297608
40;1;170;0;1588232297653
61;0;35;8;1588232297665
9;1;136;0;1588232297716
40;0;83;70;1588232297751
56;1;13;0;1588232297776
53;1;163;0;1588232297781
17;0;67;27;1588232297785
47;0;154;42;1588232297801
67;1;42;0;1588232297837
44;1;94;0;1588232297837
41;0;40;60;1588232297861
61;1;96;0;1588232297922
31;0;150;13;1588232297937
40;0;161;22;1588232297937
13;0;81;17;1588232297957
42;1;42;0;1588232298039
13;0;88;52;1588232298087
51;1;130;0;1588232298161
10;1;74;0;1588232298192
72;1;182;0;1588232298202
56;0;95;45;1588232298207
23;1;20;0;1588232298237
7;0;68;61;1588232298251
7;0;144;39;1588232298274
29;0;198;71;1588232298276
32;0;170;11;1588232298357
8;0;145;52;1588232298376
7;1;62;0;1588232298465
25;0;70;52;1588232298471
52;1;136;0;1588232298476
63;0;167;64;1588232298517
68;0;16;35;1588232298517
38;1;37;0;1588232298567
39;1;80;0;1588232298576
12;1;100;0;1588232298581
36;0;146;70;1588232298598
57;0;136;55;1588232298620
43;1;9;0;1588232298623
25;1;116;0;1588232298626
47;0;131;18;1588232298639
46;1;96;0;1588232298686
7;1;10;0;1588232298704
17;1;93;0;1588232298742
62;1;173;0;1588232298857
18;1;26;0;1588232298870
35;0;35;47;1588232298895
71;1;84;0;1588232298895
64;0;135;50;1588232298918
27;1;103;0;1588232298934
64;1;98;0;1588232298967
54;1;111;0;1588232299026
1;0;108;56;1588232299027
12;1;106;0;1588232299038
32;0;23;24;1588232299048
24;0;194;16;1588232299077
69;0;9;62;1588232299126
56;0;182;15;1588232299192
50;1;137;0;1588232299282
54;0;155;43;1588232299286
55;0;16;42;1588232299314
66;0;81;2;1588232299321
25;1;168;0;1588232299328
35;0;185;73;1588232299328
46;0;13;43;1588232299372
26;0;121;12;1588232299392
73;0;121;36;1588232299393
26;0;151;38;1588232299402
46;1;113;0;1588232299408
68;0;124;32;1588232299466
58;0;117;62;1588232299520
51;1;102;0;1588232299536
68;1;198;0;1588232299543
56;0;1;26;1588232299556
56;0;167;17;1588232299687
27;1;25;0;1588232299687
59;0;103;45;1588232299702
5;1;91;0;1588232299723
7;1;152;0;1588232299736
52;0;163;56;1588232299742
64;0;59;29;1588232299756
36;0;17;11;1588232299775
42;1;162;0;1588232299783
23;0;189;3;1588232299861
53;0;198;33;1588232299916
40;1;52;0;1588232299916
47;1;90;0;1588232299953
30;0;7;32;1588232299973
2;1;76;0;1588232300045
16;1;83;0;1588232300089
75;1;82;0;1588232300118
49;1;31;0;1588232300123
54;1;116;0;1588232300192
65;1;141;0;1588232300203
72;0;57;69;1588232300203
50;0;19;9;1588232300242
28;1;76;0;1588232300253
12;0;117;73;1588232300253
66;0;72;68;1588232300280
36;0;21;30;1588232300293
42;1;40;0;1588232300314
59;0;137;5;1588232300406
75;1;169;0;1588232300409
14;1;175;0;1588232300431
65;0;161;47;1588232300434
61;0;199;31;1588232300437
52;0;107;11;1588232300529
24;0;43;34;1588232300542
46;0;83;69;1588232300581
38;0;2;19;1588232300587
32;0;50;58;1588232300587
57;1;90;0;1588232300597
21;1;122;0;1588232300621
70;1;26;0;1588232300623
10;1;96;0;1588232300642
75;0;175;35;1588232300656
26;1;102;0;1588232300681
59;1;2;0;1588232300717
20;1;41;0;1588232300723
44;0;19;63;1588232300726
60;1;9;0;1588232300765
53;1;114;0;1588232300773
42;1;182;0;1588232300773
72;0;101;2;1588232300785
40;0;132;69;1588232300797
9;1;13;0;1588232300808
51;0;136;21;1588232300814
49;1;29;0;1588232300835
26;0;163;61;1588232300859
35;1;148;0;1588232300886
50;0;118;38;1588232300892
62;0;174;14;1588232300937
48;0;97;28;1588232301003
27;0;172;35;1588232301010
40;1;133;0;1588232301010
14;1;40;0;1588232301019
53;0;139;52;1588232301051
54;0;169;58;1588232301058
64;1;128;0;1588232301103
6;1;121;0;1588232301127
36;0;18;28;1588232301157
71;1;117;0;1588232301172
67;0;53;36;1588232301198
24;0;56;9;1588232301222
60;1;1;0;1588232301222
10;0;3;48;1588232301227
8;1;19;0;1588232301268
22;0;75;72;1588232301292
5;1;35;0;1588232301293
54;1;164;0;1588232301325
9;1;56;0;1588232301353
68;1;163;0;1588232301427
41;1;187;0;1588232301433
63;0;175;14;1588232301439
40;1;106;0;1588232301470
5;1;189;0;1588232301480
39;0;113;1;1588232301488
33;0;147;60;1588232301604
54;0;55;42;1588232301609
10;0;122;18;1588232301615
21;0;93;73;1588232301645
30;0;45;58;1588232301657
52;1;104;0;1588232301657
22;1;191;0;1588232301710
56;1;184;0;1588232301742
65;0;117;42;1588232301759
10;1;114;0;1588232301831
8;1;155;0;1588232301837
42;1;106;0;1588232301880
4;1;21;0;1588232301949
13;0;74;34;1588232301970
58;0;126;26;1588232301993
58;1;171;0;1588232302111
47;1;17;0;1588232302112
1;1;134;0;1588232302124
5;0;19;17;1588232302127
48;1;196;0;1588232302127
48;1;102;0;1588232302215
31;0;47;36;1588232302220
23;1;81;0;1588232302237
64;1;174;0;1588232302278
48;1;12;0;1588232302313
14;0;40;28;1588232302313
4;0;7;2;1588232302337
56;0;175;34;1588232302396
39;1;124;0;1588232302405
8;1;197;0;1588232302405
61;0;169;2;1588232302480
63;1;185;0;1588232302506
50;0;87;26;1588232302520
59;0;25;72;1588232302554
24;1;180;0;1588232302586
22;0;88;3;1588232302592
45;1;2;0;1588232302600
60;1;165;0;1588232302603
20;0;36;6;1588232302642
20;1;71;0;1588232302688
39;1;194;0;1588232302730
25;0;12;3;1588232302764
4;1;169;0;1588232302779
63;1;82;0;1588232302787
6;0;61;59;1588232302797
13;0;125;4;1588232302804
61;1;25;0;1588232302870
44;0;103;6;1588232302877
52;0;157;46;1588232302926
70;1;72;0;1588232302937
67;1;63;0;1588232302942
53;0;177;46;1588232302973
14;0;88;16;1588232302980
55;1;6;0;1588232303011
73;1;22;0;1588232303075
1;1;152;0;1588232303075
17;1;81;0;1588232303080
57;0;121;70;1588232303142
74;0;165;55;1588232303203
32;1;14;0;1588232303216
66;0;14;16;1588232303225
1;1;182;0;1588232303242
75;0;64;40;1588232303262
45;0;125;66;1588232303267
26;1;36;0;1588232303287
6;0;85;65;1588232303300
16;1;141;0;1588232303355
22;0;130;52;1588232303387
27;1;98;0;1588232303427
40;0;132;69;1588232303441
18;0;169;40;1588232303454
31;1;54;0;1588232303503
54;1;132;0;1588232303536
52;0;114;27;1588232303617
16;1;62;0;1588232303620
24;0;140;6;1588232303637
5;1;167;0;1588232303680
44;1;120;0;1588232303700
41;0;199;49;1588232303727
72;1;192;0;1588232303748
11;1;166;0;1588232303795
12;0;10;15;1588232303836
27;1;7;0;1588232303877
70;1;185;0;1588232303887
10;0;116;11;1588232303892
75;1;155;0;1588232303940
41;0;102;44;1588232303942
25;1;121;0;1588232304017
26;0;145;67;1588232304017
20;0;99;30;1588232304044
47;1;65;0;1588232304074
37;1;151;0;1588232304096
70;0;147;68;1588232304117
29;1;175;0;1588232304137
12;0;117;19;1588232304164
38;1;181;0;1588232304172
15;1;61;0;1588232304178
34;0;16;60;1588232304277
6;0;72;75;1588232304277
71;0;35;75;1588232304329
22;0;32;4;1588232304361
40;0;32;54;1588232304386
27;1;112;0;1588232304386
66;0;34;61;1588232304389
14;0;190;23;1588232304416
40;1;107;0;1588232304477
57;0;33;14;1588232304477
28;0;195;2;1588232304506
59;1;68;0;1588232304512
38;0;184;46;1588232304587
18;0;6;62;1588232304587
56;0;198;74;1588232304599
15;0;25;63;1588232304627
15;1;68;0;1588232304678
51;0;8;10;1588232304685
59;0;115;30;1588232304747
70;1;175;0;1588232304772
32;1;91;0;1588232304777
58;1;199;0;1588232304816
8;0;73;26;1588232304855
60;1;65;0;1588232304872
24;0;41;39;1588232304877
20;1;26;0;1588232304886
55;0;82;41;1588232304939
63;1;95;0;1588232304947
31;1;94;0;1588232304977
9;1;89;0;1588232304992
4;1;194;0;1588232304996
5;0;51;18;1588232305064
1;0;130;8;1588232305102
73;0;40;44;1588232305186
51;0;58;67;1588232305186
54;0;4;63;1588232305196
29;0;70;36;1588232305204
4;0;131;18;1588232305231
61;1;0;0;1588232305245
74;0;66;41;1588232305276
8;0;110;60;1588232305303
47;0;115;29;1588232305303
44;1;67;0;1588232305377
1;0;170;19;1588232305392
58;1;74;0;1588232305401
59;1;103;0;1588232305401
69;1;186;0;1588232305424
53;1;63;0;1588232305430
53;0;110;59;1588232305443
62;0;8;68;1588232305470
11;0;99;54;1588232305492
38;1;189;0;1588232305531
68;0;115;50;1588232305556
32;0;112;51;1588232305556
32;0;95;26;1588232305573
24;1;98;0;1588232305592
38;1;82;0;1588232305677
19;1;187;0;1588232305695
6;0;86;55;1588232305714
23;1;107;0;1588232305738
9;1;194;0;1588232305771
51;0;177;24;1588232305798
38;1;149;0;1588232305842
3;1;198;0;1588232305846
37;1;120;0;1588232305849
18;1;132;0;1588232305863
14;0;149;4;1588232305877
21;0;59;53;1588232305892
38;1;188;0;1588232305922
21;1;37;0;1588232305938
2;0;61;54;1588232305962
40;1;151;0;1588232305997
52;0;79;73;1588232306012
50;0;168;73;1588232306021
40;0;191;26;1588232306051
73;0;135;32;1588232306132
15;1;154;0;1588232306137
35;1;106;0;1588232306271
33;0;154;14;1588232306303
35;1;185;0;1588232306319
73;0;156;7;1588232306326
10;1;68;0;1588232306346
30;0;142;69;1588232306373
38;0;5;29;1588232306399
10;1;65;0;1588232306412
62;1;5;0;1588232306437
44;1;51;0;1588232306466
52;0;23;18;1588232306473
26;1;42;0;1588232306479
6;0;168;75;1588232306479
61;0;103;29;1588232306479
52;1;153;0;1588232306537
7;1;171;0;1588232306562
51;1;0;0;1588232306562
47;1;97;0;1588232306618
1;1;191;0;1588232306681
39;1;10;0;1588232306712
2;0;133;15;1588232306749
44;0;29;47;1588232306811
15;1;163;0;1588232306842
6;0;113;25;1588232306862
36;0;153;73;1588232306877
53;0;37;14;1588232306937
41;1;142;0;1588232306937
36;0;83;69;1588232306955
69;0;12;14;1588232306955
39;0;155;61;1588232306987
47;0;137;1;1588232307010
72;1;123;0;1588232307015
75;1;71;0;1588232307077
51;1;79;0;1588232307079
64;1;20;0;1588232307123
56;0;107;46;1588232307188
57;0;45;58;1588232307196
75;0;178;2;1588232307219
57;1;198;0;1588232307235
32;0;6;9;1588232307346
2;0;63;46;1588232307377
44;0;21;49;1588232307384
56;1;143;0;1588232307399
75;1;185;0;1588232307410
64;0;199;24;1588232307417
57;0;73;5;1588232307435
10;0;117;46;1588232307467
44;0;153;43;1588232307486
11;0;189;59;1588232307500
24;1;172;0;1588232307506
62;0;79;20;1588232307522
47;0;17;71;1588232307658
20;0;179;30;1588232307710
51;0;122;18;1588232307734
28;1;29;0;1588232307735
64;1;189;0;1588232307750
63;1;172;0;1588232307776
9;0;72;56;1588232307783
15;0;140;74;1588232307783
69;0;91;33;1588232307792
7;1;61;0;1588232307800
52;0;66;75;1588232307800
62;1;46;0;1588232307818
27;1;125;0;1588232307847
4;1;26;0;1588232307870
27;1;98;0;1588232307871
24;1;108;0;1588232307886
47;0;124;12;1588232307902
74;1;189;0;1588232307921
75;0;47;46;1588232308028
1;1;43;0;1588232308055
57;1;126;0;1588232308058
31;0;86;55;1588232308096
41;1;108;0;1588232308102
44;0;37;47;1588232308135
26;0;80;48;1588232308151
39;0;16;25;1588232308269
34;0;95;69;1588232308269
35;1;91;0;1588232308282
4;0;175;37;1588232308326
27;1;15;0;1588232308334
70;1;26;0;1588232308370
65;1;51;0;1588232308376
35;0;151;38;1588232308392
8;0;72;26;1588232308448
21;0;159;35;1588232308484
30;1;1;0;1588232308492
64;0;77;21;1588232308503
32;1;20;0;1588232308508
26;1;133;0;1588232308518
47;0;174;27;1588232308546
9;0;170;42;1588232308558
8;1;51;0;1588232308649
41;0;70;34;1588232308718
55;1;125;0;1588232308732
70;1;145;0;1588232308737
38;0;133;26;1588232308742
40;1;57;0;1588232308751
17;1;110;0;1588232308754
62;1;109;0;1588232308785
25;1;168;0;1588232308785
57;0;0;7;1588232308807
67;1;97;0;1588232308837
10;0;178;41;1588232308903
49;1;11;0;1588232308903
14;1;63;0;1588232308916
13;1;131;0;1588232308933
9;0;71;19;1588232308965
69;1;92;0;1588232309070
54;0;44;38;1588232309070
13;1;110;0;1588232309086
36;1;112;0;1588232309092
67;0;155;62;1588232309106
61;0;100;37;1588232309127
60;1;145;0;1588232309172
61;0;76;71;1588232309205
65;0;183;59;1588232309205
43;1;159;0;1588232309215
64;1;21;0;1588232309279
67;1;179;0;1588232309298
29;0;107;39;1588232309307
67;1;11;0;1588232309350
42;0;97;73;1588232309426
72;1;101;0;1588232309490
55;1;65;0;1588232309537
6;0;13;33;1588232309557
70;0;127;8;1588232309568
56;0;151;69;1588232309587
11;0;146;41;1588232309587
55;1;92;0;1588232309610
27;0;36;74;1588232309620
6;1;112;0;1588232309627
26;1;108;0;1588232309627
75;0;84;18;1588232309635
46;0;19;20;1588232309636
16;1;67;0;1588232309716
46;1;55;0;1588232309742
44;1;184;0;1588232309757
10;1;149;0;1588232309763
47;0;29;32;1588232309794
6;0;91;22;1588232309837
58;1;116;0;1588232309863
75;1;197;0;1588232309901
51;0;158;14;1588232309955
38;0;125;14;1588232309977
8;1;185;0;1588232309984
70;1;49;0;1588232310027
26;1;178;0;1588232310033
28;0;99;1;1588232310037
9;1;100;0;1588232310097
5;1;157;0;1588232310100
41;1;10;0;1588232310100
63;1;181;0;1588232310121
43;0;197;66;1588232310132
72;1;35;0;1588232310192
61;1;86;0;1588232310212
9;0;197;6;1588232310212
71;1;113;0;1588232310217
48;1;123;0;1588232310249
46;1;64;0;1588232310255
55;1;194;0;1588232310273
55;0;28;13;1588232310335
2;0;167;52;1588232310344
67;0;95;45;1588232310401
2;1;72;0;1588232310410
10;0;180;67;1588232310432
49;1;89;0;1588232310458
72;1;32;0;1588232310483
24;0;111;51;1588232310504
6;0;94;41;1588232310537
28;1;12;0;1588232310555
72;0;121;6;1588232310579
30;1;67;0;1588232310603
50;1;48;0;1588232310635
38;1;36;0;1588232310660
33;0;104;11;1588232310692
42;1;186;0;1588232310729
50;0;138;25;1588232310735
7;0;132;2;1588232310768
22;0;151;29;1588232310827
52;1;33;0;1588232310869
19;0;30;13;1588232310905
12;0;136;21;1588232310912
54;1;1;0;1588232310936
33;0;46;70;1588232310953
71;0;20;24;1588232310966
15;1;17;0;1588232310966
30;0;97;62;1588232310987
21;1;82;0;1588232310992
71;0;80;40;1588232311035
24;0;53;64;1588232311055
68;0;70;34;1588232311055
6;1;178;0;1588232311073
1;0;11;27;1588232311092
24;0;167;71;1588232311153
70;0;197;36;1588232311187
29;1;1;0;1588232311187
1;0;59;73;1588232311210
44;1;125;0;1588232311231
23;1;163;0;1588232311253
35;1;153;0;1588232311256
18;1;79;0;1588232311305
58;1;72;0;1588232311309
2;0;9;60;1588232311316
11;1;146;0;1588232311316
62;0;54;13;1588232311324
36;0;31;64;1588232311439
68;1;78;0;1588232311447
19;1;160;0;1588232311453
68;0;37;32;1588232311453
25;0;59;28;1588232311481
56;0;122;15;1588232311553
23;0;6;22;1588232311561
10;1;64;0;1588232311566
4;0;195;13;1588232311609
29;1;41;0;1588232311640
31;0;16;69;1588232311653
33;0;62;22;1588232311681
7;1;22;0;1588232311735
30;0;45;55;1588232311749
46;0;180;53;1588232311762
19;1;86;0;1588232311771
2;0;169;20;1588232311827
3;0;173;24;1588232311853
59;1;142;0;1588232311859
60;0;179;38;1588232311897
15;0;11;36;1588232311945
27;0;50;32;1588232311956
31;1;16;0;1588232311960
60;1;42;0;1588232312008
26;1;71;0;1588232312110
3;1;65;0;1588232312117
39;0;54;56;1588232312142
73;0;146;64;1588232312187
48;1;124;0;1588232312201
1;1;159;0;1588232312242
41;0;55;23;1588232312258
60;1;72;0;1588232312263
65;1;119;0;1588232312271
63;0;190;11;1588232312337
59;0;74;8;1588232312358
54;1;146;0;1588232312390
53;1;74;0;1588232312413
43;1;69;0;1588232312461
17;1;156;0;1588232312462
69;0;172;23;1588232312474
65;1;123;0;1588232312478
16;1;198;0;1588232312517
16;0;10;13;1588232312542
28;1;175;0;1588232312569
65;0;70;19;1588232312569
46;0;128;45;1588232312657
16;1;185;0;1588232312673
40;0;54;19;1588232312686
71;1;115;0;1588232312701
66;1;121;0;1588232312785
73;0;104;67;1588232312797
36;1;74;0;1588232312826
22;1;142;0;1588232312834
50;1;39;0;1588232312854
69;0;138;66;1588232312908
36;0;144;66;1588232312946
35;0;121;51;1588232312971
4;0;115;62;1588232312983
20;1;36;0;1588232313013
23;0;169;16;1588232313051
31;1;176;0;1588232313087
38;0;9;71;1588232313092
73;0;71;3;1588232313103
2;1;89;0;1588232313118
12;1;181;0;1588232313142
72;0;51;49;1588232313227
23;1;159;0;1588232313236
31;0;22;53;1588232313292
42;1;70;0;1588232313334
43;1;28;0;1588232313342
61;0;61;73;1588232313399
41;0;95;52;1588232313407
18;0;6;2;1588232313418
55;0;145;61;1588232313424
28;1;92;0;1588232313427
54;0;114;56;1588232313451
15;0;122;40;1588232313484
43;0;106;56;1588232313492
11;0;98;39;1588232313492
5;1;76;0;1588232313526
69;1;130;0;1588232313550
22;1;145;0;1588232313555
10;1;173;0;1588232313572
28;0;160;18;1588232313626
63;0;61;6;1588232313629
36;1;73;0;1588232313715
47;1;185;0;1588232313722
12;0;141;65;1588232313733
19;1;48;0;1588232313733
67;1;177;0;1588232313742
8;0;137;37;1588232313763
20;1;27;0;1588232313769
69;0;192;6;1588232313892
19;1;184;0;1588232313919
23;1;133;0;1588232313935
61;1;6;0;1588232313971
33;0;167;19;1588232313983
69;0;156;53;1588232313999
34;0;188;14;1588232314027
3;0;41;9;1588232314063
45;1;124;0;1588232314086
57;1;0;0;1588232314149
33;0;162;61;1588232314164
74;1;129;0;1588232314182
3;0;104;21;1588232314182
2;1;62;0;1588232314197
4;1;99;0;1588232314201
44;1;28;0;1588232314266
66;1;188;0;1588232314307
54;1;195;0;1588232314323
45;0;104;6;1588232314353
10;1;171;0;1588232314363
59;0;39;67;1588232314371
52;1;123;0;1588232314373
39;0;67;53;1588232314373
66;0;33;29;1588232314388
41;1;174;0;1588232314402
65;1;156;0;1588232314412
36;0;147;43;1588232314579
27;1;155;0;1588232314596
39;0;83;20;1588232314617
3;1;50;0;1588232314618
56;1;144;0;1588232314670
44;1;122;0;1588232314671
73;0;72;5;1588232314703
34;1;184;0;1588232314733
37;0;94;66;1588232314771
47;0;16;48;1588232314801
26;0;81;71;1588232314807
58;1;72;0;1588232314833
12;0;88;32;1588232314864
59;0;23;27;1588232314913
27;0;90;71;1588232314919
73;0;160;31;1588232314984
64;0;112;36;1588232314998
39;0;43;55;1588232315017
10;1;149;0;1588232315029
46;1;124;0;1588232315029
30;1;31;0;1588232315085
26;0;73;12;1588232315183
71;0;41;30;1588232315230
35;1;4;0;1588232315255
44;0;146;68;1588232315257
24;1;167;0;1588232315271
71;0;47;53;1588232315283
39;1;99;0;1588232315333
47;0;49;74;1588232315349
75;1;102;0;1588232315400
69;1;22;0;1588232315436
41;0;50;25;1588232315452
29;0;50;42;1588232315488
56;0;130;72;1588232315494
71;0;98;65;1588232315555
56;1;23;0;1588232315616
67;0;22;36;1588232315652
25;0;107;55;1588232315667
3;0;128;22;1588232315685
19;1;165;0;1588232315694
3;1;36;0;1588232315754
6;1;87;0;1588232315771
17;0;24;22;1588232315788
65;1;147;0;1588232315794
39;0;44;24;1588232315798
7;1;121;0;1588232315827
3;1;177;0;1588232315871
17;1;93;0;1588232315887
18;1;137;0;1588232315922
52;0;17;29;1588232315923
13;0;31;72;1588232315962
41;0;157;56;1588232315995
75;1;94;0;1588232316017
30;1;183;0;1588232316038
45;0;192;37;1588232316083
14;1;166;0;1588232316090
41;0;160;24;1588232316103
65;0;168;48;1588232316145
57;0;163;14;1588232316153
72;1;50;0;1588232316154
61;0;177;11;1588232316184
73;1;5;0;1588232316198
4;0;158;62;1588232316220
4;0;28;68;1588232316286
44;1;76;0;1588232316333
15;1;101;0;1588232316347
40;0;89;52;1588232316350
37;0;22;60;1588232316424
5;0;133;22;1588232316429
73;1;3;0;1588232316439
68;1;132;0;1588232316457
13;1;61;0;1588232316491
36;0;133;47;1588232316558
12;0;56;42;1588232316575
36;1;0;0;1588232316603
40;1;32;0;1588232316603
11;1;64;0;1588232316603
63;1;47;0;1588232316614
45;1;182;0;1588232316666
69;1;23;0;1588232316666
48;0;159;57;1588232316689
48;1;198;0;1588232316700
45;1;166;0;1588232316733
24;1;101;0;1588232316743
72;1;82;0;1588232316753
40;1;74;0;1588232316770
9;1;25;0;1588232316784
52;0;6;35;1588232316850
46;0;19;69;1588232316886
58;1;73;0;1588232316993
60;0;142;66;1588232316994
7;0;128;59;1588232317080
22;0;175;21;1588232317099
71;0;154;56;1588232317116
59;1;163;0;1588232317119
28;0;8;15;1588232317126
11;1;55;0;1588232317135
57;1;91;0;1588232317166
49;0;163;38;1588232317230
73;0;90;18;1588232317303
17;1;46;0;1588232317310
37;1;29;0;1588232317385
64;0;94;41;1588232317423
24;0;113;31;1588232317423
20;0;16;45;1588232317471
50;0;94;68;1588232317474
51;0;171;75;1588232317477
11;0;174;68;1588232317492
62;0;124;41;1588232317492
38;0;74;53;1588232317503
73;1;179;0;1588232317503
3;1;56;0;1588232317504
59;0;74;64;1588232317527
69;0;180;71;1588232317562
28;1;72;0;1588232317583
13;0;75;35;1588232317588
53;1;101;0;1588232317612
75;1;18;0;1588232317615
34;0;4;57;1588232317617
69;1;9;0;1588232317644
52;1;64;0;1588232317655
74;0;104;56;1588232317666
15;1;41;0;1588232317691
50;1;178;0;1588232317707
29;0;64;16;1588232317742
33;1;166;0;1588232317806
67;1;100;0;1588232317840
20;1;84;0;1588232317853
29;0;124;14;1588232317857
33;1;122;0;1588232318008
56;0;66;2;1588232318034
26;1;139;0;1588232318034
50;0;80;31;1588232318069
10;1;64;0;1588232318072
9;1;43;0;1588232318112
22;0;92;33;1588232318120
24;0;198;3;1588232318141
6;0;164;17;1588232318152
48;0;145;2;1588232318187
22;0;114;66;1588232318219
15;0;110;35;1588232318239
57;0;50;31;1588232318243
64;1;24;0;1588232318420
55;0;16;2;1588232318433
63;1;64;0;1588232318433
40;0;86;21;1588232318440
66;0;159;70;1588232318455
40;0;47;27;1588232318459
73;1;25;0;1588232318472
22;0;143;11;1588232318475
73;1;2;0;1588232318476
42;0;38;66;1588232318499
66;1;74;0;1588232318542
61;0;43;22;1588232318623
12;0;44;52;1588232318651
19;0;99;17;1588232318658
9;0;80;7;1588232318658
9;1;188;0;1588232318693
32;1;193;0;1588232318779
50;1;96;0;1588232318803
23;0;109;56;1588232318845
35;0;157;74;1588232318871
23;1;177;0;1588232318890
70;1;138;0;1588232318932
60;0;108;2;1588232318932
65;1;28;0;1588232318955
66;0;141;23;1588232318955
11;1;37;0;1588232318959
54;0;98;61;1588232318974
71;0;16;16;1588232318983
18;0;144;56;1588232318991
34;0;140;62;1588232318995
21;0;13;68;1588232319007
36;1;3;0;1588232319007
69;1;67;0;1588232319072
25;0;107;49;1588232319073
48;1;173;0;1588232319121
67;0;14;16;1588232319132
18;1;166;0;1588232319155
73;1;24;0;1588232319191
70;1;25;0;1588232319250
48;0;47;26;1588232319250
67;0;104;1;1588232319269
38;0;62;9;1588232319297
75;1;73;0;1588232319316
39;0;13;36;1588232319351
49;0;165;28;1588232319381
40;0;38;22;1588232319384
35;0;134;6;1588232319405
61;1;71;0;1588232319416
12;1;110;0;1588232319428
37;0;30;49;1588232319438
31;1;95;0;1588232319438
55;0;22;24;1588232319451
50;0;196;62;1588232319473
44;0;66;24;1588232319501
45;1;89;0;1588232319561
9;1;9;0;1588232319584
20;1;168;0;1588232319593
25;0;39;41;1588232319598
58;1;128;0;1588232319676
67;1;26;0;1588232319688
57;1;48;0;1588232319689
49;1;25;0;1588232319707
48;1;186;0;1588232319714
9;1;182;0;1588232319742
73;0;79;34;1588232319760
50;1;41;0;1588232319790
67;0;108;25;1588232319794
1;1;138;0;1588232319807
62;1;142;0;1588232319807
29;0;184;24;1588232319847
20;0;145;13;1588232319893
68;0;185;50;1588232319913
42;1;58;0;1588232319922
25;1;73;0;1588232319924
48;1;63;0;1588232319971
70;0;165;64;1588232319987
28;0;24;42;1588232319994
18;0;193;33;1588232320042
65;0;168;7;1588232320086
13;1;52;0;1588232320093
55;0;58;5;1588232320101
28;1;59;0;1588232320127
2;0;189;32;1588232320142
5;1;9;0;1588232320147
30;0;70;21;1588232320155
25;1;123;0;1588232320224
34;1;129;0;1588232320314
55;1;196;0;1588232320326
42;0;21;22;1588232320374
24;1;137;0;1588232320390
8;0;59;45;1588232320398
22;0;79;14;1588232320419
31;1;192;0;1588232320423
66;0;141;23;1588232320537
14;0;160;62;1588232320545
21;1;152;0;1588232320545
59;1;102;0;1588232320549
22;0;11;57;1588232320576
12;1;184;0;1588232320605
3;1;22;0;1588232320606
33;0;198;72;1588232320723
18;0;56;43;1588232320726
10;0;188;68;1588232320731
48;1;152;0;1588232320731
72;0;155;26;1588232320747
16;1;195;0;1588232320812
53;0;122;26;1588232320821
11;1;102;0;1588232320827
31;1;95;0;1588232320845
59;0;107;72;1588232320884
1;0;108;29;1588232320891
19;0;97;3;1588232320989
38;0;189;52;1588232321005
28;1;174;0;1588232321015
33;0;95;60;1588232321028
8;1;133;0;1588232321028
59;1;120;0;1588232321044
27;0;144;73;1588232321075
30;0;113;1;1588232321137
4;1;92;0;1588232321145
47;0;51;31;1588232321193
52;1;119;0;1588232321193
56;0;82;53;1588232321206
16;0;163;24;1588232321217
50;0;81;13;1588232321242
56;1;81;0;1588232321267
17;1;43;0;1588232321281
17;0;115;7;1588232321303
40;0;59;12;1588232321346
14;1;193;0;1588232321354
8;0;164;19;1588232321400
20;1;76;0;1588232321411
64;1;146;0;1588232321439
3;0;170;63;1588232321443
9;1;189;0;1588232321486
45;0;183;29;1588232321502
55;1;151;0;1588232321508
54;0;88;24;1588232321533
44;0;126;74;1588232321543
75;0;41;15;1588232321561
41;0;43;21;1588232321562
41;0;152;24;1588232321572
53;0;93;49;1588232321670
13;0;103;20;1588232321713
55;0;3;74;1588232321728
69;1;48;0;1588232321789
71;0;145;35;1588232321789
51;0;175;63;1588232321821
47;0;69;41;1588232321821
63;1;8;0;1588232321831
47;1;65;0;1588232321848
7;0;163;49;1588232321853
40;1;122;0;1588232321883
16;1;171;0;1588232321885
58;1;14;0;1588232321893
7;1;153;0;1588232321900
69;1;112;0;1588232321908
22;0;122;16;1588232321988
30;1;41;0;1588232322006
47;0;99;61;1588232322089
46;1;38;0;1588232322104
61;1;186;0;1588232322104
23;1;8;0;1588232322154
64;0;107;72;1588232322174
3;1;27;0;1588232322226
52;1;120;0;1588232322230
16;1;7;0;1588232322271
47;1;41;0;1588232322275
55;1;23;0;1588232322314
1;1;177;0;1588232322315
31;0;39;22;1588232322322
4;0;10;27;1588232322389
69;0;182;2;1588232322389
23;0;1;22;1588232322426
65;1;181;0;1588232322430
37;1;24;0;1588232322440
59;1;156;0;1588232322480
36;0;60;1;1588232322548
57;0;129;46;1588232322553
64;1;55;0;1588232322581
60;1;119;0;1588232322607
9;1;156;0;1588232322621
62;1;147;0;1588232322637
19;1;58;0;1588232322647
57;1;140;0;1588232322647
75;0;119;17;1588232322671
11;0;94;26;1588232322676
63;0;123;73;1588232322692
44;1;85;0;1588232322698
1;0;197;10;1588232322731
63;0;157;55;1588232322748
23;0;79;27;1588232322818
52;1;167;0;1588232322838
72;0;81;56;1588232322857
43;0;72;53;1588232322867
24;1;104;0;1588232322897
16;1;193;0;1588232322904
3;1;59;0;1588232322919
5;0;166;3;1588232322988
22;1;100;0;1588232322988
28;1;195;0;1588232322991
67;0;82;11;1588232323025
14;0;92;29;1588232323046
37;0;196;73;1588232323057
52;1;96;0;1588232323087
50;1;145;0;1588232323111
62;0;189;75;1588232323122
21;1;164;0;1588232323169
41;1;171;0;1588232323169
59;1;72;0;1588232323171
71;1;154;0;1588232323173
38;1;128;0;1588232323189
5;1;48;0;1588232323200
56;1;71;0;1588232323215
21;0;149;67;1588232323216
7;1;99;0;1588232323315
43;0;22;56;1588232323316
46;1;0;0;1588232323326
74;1;94;0;1588232323384
5;0;10;48;1588232323392
16;0;3;25;1588232323479
4;1;191;0;1588232323501
35;0;103;62;1588232323540
35;0;33;1;1588232323543
63;1;162;0;1588232323621
8;1;187;0;1588232323646
6;0;173;62;1588232323652
20;0;9;9;1588232323664
11;1;167;0;1588232323671
44;0;91;63;1588232323671
56;1;136;0;1588232323691
29;1;58;0;1588232323740
17;0;4;43;1588232323796
29;0;134;16;1588232323826
60;1;88;0;1588232323855
5;1;26;0;1588232323860
3;0;83;75;1588232323914
9;1;147;0;1588232323944
36;0;164;54;1588232323957
59;1;169;0;1588232323958
18;1;128;0;1588232323967
5;0;62;27;1588232323974
51;1;180;0;1588232323997
62;1;28;0;1588232324030
50;0;46;36;1588232324034
41;1;121;0;1588232324043
2;1;21;0;1588232324059
2;1;97;0;1588232324066
69;0;117;55;1588232324098
6;0;145;52;1588232324099
38;0;151;7;1588232324118
33;0;194;41;1588232324150
45;1;136;0;1588232324164
20;0;150;3;1588232324185
65;1;103;0;1588232324227
73;1;150;0;1588232324232
68;1;37;0;1588232324341
68;0;81;10;1588232324359
42;1;20;0;1588232324364
17;0;34;5;1588232324412
30;0;123;44;1588232324417
66;0;177;20;1588232324426
32;1;22;0;1588232324450
41;1;67;0;1588232324480
10;1;18;0;1588232324551
52;0;195;28;1588232324581
71;0;127;44;1588232324609
37;0;29;25;1588232324613
67;0;72;23;1588232324644
25;0;4;24;1588232324664
14;0;137;69;1588232324693
43;1;172;0;1588232324702
8;0;79;64;1588232324702
40;1;123;0;1588232324709
66;0;33;68;1588232324736
68;1;12;0;1588232324770
11;0;53;19;1588232324853
60;0;146;72;1588232324893
1;1;134;0;1588232324899
26;1;83;0;1588232324926
62;0;134;74;1588232325000
64;1;7;0;1588232325005
10;0;199;18;1588232325047
30;0;6;47;1588232325074
55;0;10;7;1588232325074
24;1;157;0;1588232325085
6;0;83;26;1588232325093
39;0;174;73;1588232325096
63;0;186;3;1588232325121
32;1;17;0;1588232325125
39;0;9;37;1588232325126
49;1;1;0;1588232325173
8;1;8;0;1588232325198
5;1;30;0;1588232325201
25;0;61;75;1588232325231
25;1;33;0;1588232325269
21;1;120;0;1588232325327
25;1;94;0;1588232325402
69;1;50;0;1588232325410
43;1;45;0;1588232325420
59;1;42;0;1588232325449
16;1;57;0;1588232325465
47;0;40;7;1588232325491
34;0;172;5;1588232325498
6;0;112;24;1588232325516
74;1;38;0;1588232325524
59;0;56;25;1588232325541
34;1;169;0;1588232325543
9;1;100;0;1588232325548
41;0;31;15;1588232325554
16;1;15;0;1588232325557
44;0;0;2;1588232325584
23;1;108;0;1588232325647
27;0;129;1;1588232325682
64;1;79;0;1588232325688
64;0;59;22;1588232325705
73;1;189;0;1588232325734
75;0;57;35;1588232325776
36;0;50;17;1588232325827
3;0;129;31;1588232325835
11;1;39;0;1588232325924
34;1;197;0;1588232325924
43;0;104;68;1588232325945
20;1;94;0;1588232325951
53;0;169;41;1588232325951
52;1;10;0;1588232325953
59;0;103;72;1588232325959
36;0;154;66;1588232326001
74;1;68;0;1588232326004
7;1;96;0;1588232326035
7;1;30;0;1588232326051
18;0;163;12;1588232326078
36;0;71;16;1588232326107
58;0;157;1;1588232326141
57;1;164;0;1588232326167
4;0;83;60;1588232326167
7;1;39;0;1588232326180
44;0;15;59;1588232326180
1;1;169;0;1588232326182
60;0;115;48;1588232326183
52;1;10;0;1588232326194
72;0;67;41;1588232326260
49;0;79;30;1588232326305
74;1;131;0;1588232326308
44;1;165;0;1588232326355
50;1;132;0;1588232326397
64;1;116;0;1588232326412
20;1;105;0;1588232326418
44;1;33;0;1588232326438
47;1;45;0;1588232326442
62;0;143;3;1588232326450
2;1;132;0;1588232326486
54;0;142;12;1588232326499
58;1;121;0;1588232326499
72;1;29;0;1588232326513
34;1;157;0;1588232326587
35;1;101;0;1588232326594
26;1;107;0;1588232326604
6;0;0;21;1588232326633
37;1;81;0;1588232326697
42;1;81;0;1588232326715
8;0;187;45;1588232326725
7;1;24;0;1588232326725
43;1;18;0;1588232326807
55;1;157;0;1588232326810
11;1;84;0;1588232326861
7;0;190;73;1588232326926
34;0;138;63;1588232326950
26;0;60;34;1588232326963
15;0;139;9;1588232326982
28;0;151;46;1588232326992
25;0;17;28;1588232327043
54;1;182;0;1588232327050
27;1;171;0;1588232327104
67;1;96;0;1588232327127
20;0;85;28;1588232327147
65;0;99;14;1588232327154
7;1;176;0;1588232327164
49;0;148;24;1588232327168
8;0;90;12;1588232327185
50;1;159;0;1588232327202
37;1;148;0;1588232327237
14;1;71;0;1588232327237
6;0;196;46;1588232327237
55;0;172;22;1588232327260
5;0;116;35;1588232327287
48;0;71;14;1588232327297
43;0;175;27;1588232327297
70;0;120;2;1588232327327
45;0;185;5;1588232327331
8;1;60;0;1588232327341
8;0;139;23;1588232327360
17;0;101;72;1588232327367
4;0;62;61;1588232327385
51;1;21;0;1588232327391
26;1;11;0;1588232327400
7;0;27;17;1588232327413
40;0;68;65;1588232327481
56;0;66;38;1588232327517
75;0;96;23;1588232327572
1;0;46;68;1588232327591
42;0;134;47;1588232327603
37;1;62;0;1588232327608
39;0;73;46;1588232327622
37;0;170;46;1588232327624
74;0;53;66;1588232327648
53;1;39;0;1588232327688
46;0;129;57;1588232327697
28;1;95;0;1588232327707
71;1;194;0;1588232327731
9;0;81;27;1588232327784
35;0;28;40;1588232327814
29;1;13;0;1588232327816
63;1;102;0;1588232327897
55;1;66;0;1588232327921
65;0;183;61;1588232327937
58;0;189;75;1588232327946
45;0;59;10;1588232327946
17;0;97;35;1588232327980
41;0;139;48;1588232327996
53;1;82;0;1588232328029
18;1;151;0;1588232328049
55;0;7;53;1588232328075
49;0;54;75;1588232328091
42;0;153;7;1588232328131
26;1;21;0;1588232328146
7;0;189;38;1588232328169
73;0;87;30;1588232328173
5;0;66;43;1588232328235
37;1;161;0;1588232328237
49;1;98;0;1588232328261
54;0;42;8;1588232328289
67;0;137;30;1588232328301
29;0;3;72;1588232328343
17;0;115;16;1588232328357
1;1;61;0;1588232328394
36;1;47;0;1588232328418
10;1;129;0;1588232328458
16;0;40;40;1588232328459
5;1;197;0;1588232328465
49;0;72;68;1588232328478
62;1;56;0;1588232328491
70;0;5;40;1588232328504
70;0;136;40;1588232328541
40;0;153;4;1588232328542
2;0;174;63;1588232328545
18;1;154;0;1588232328599
38;1;165;0;1588232328605
32;0;176;62;1588232328622
4;0;69;38;1588232328745
14;0;58;19;1588232328752
37;1;187;0;1588232328777
48;1;169;0;1588232328845
14;1;7;0;1588232328851
63;1;51;0;1588232328885
16;0;8;33;1588232328895
4;0;65;26;1588232328895
59;0;67;26;1588232328902
65;0;34;23;1588232328906
14;0;65;31;1588232328948
25;0;137;33;1588232328976
18;1;13;0;1588232328999
23;1;127;0;1588232329012
48;0;195;73;1588232329117
73;1;67;0;1588232329139
1;1;154;0;1588232329152
12;1;27;0;1588232329168
22;1;163;0;1588232329207
20;1;149;0;1588232329215
